😀	grinning	grinsendes gesicht|froh|fröhlich|gesicht|grinsen|haha|lachen|lol|lustig|smiley
😃	smiley	grinsendes gesicht mit großen augen|grinsendes gesicht mit grossen augen|augen|fröhlich|gesicht|glücklich|grinsen|große|lachen|lol|lustig|lächeln|mund|offen|smiley
😄	smile	grinsendes gesicht mit lachenden augen|augen|fröhlich|geschlossen|gesicht|glücklich|grinsen|lachen|lol|lustig|lächeln|mund|offen|smiley|witzig
😁	grin	strahlendes gesicht mit lachenden augen|augen|fröhlich|gesicht|grinsen|happy|lachen|lustig|lächeln|smiley|strahlen|zähne
😆	laughing satisfied	grinsegesicht mit zugekniffenen augen|augen|geschlossen|gesicht|grinsegesicht|grinsen|haha|hehe|hihi|lachen|lol|lustig|mund|offen|smiley|witzig|zugekniffen|zusammengekniffen
😅	sweat_smile	grinsendes gesicht mit schweißtropfen|grinsendes gesicht mit schweisstropfen|gesicht|grinsen|lachen|lustig|lächeln|mund|nervös|offen|schweiß|schweißtropfen|schwitzen|smiley
🤣	rofl	sich vor lachen auf dem boden wälzen|sich vor lachen auf dem boden walzen|boden|gesicht|haha|hehe|lachen|lol|lustig|muahaha|rofl|smiley|tränen|witzig|wälzen
😂	joy	gesicht mit freudentränen|gesicht mit freudentranen|freude|freudentränen|fröhlich|gesicht|haha|happy|hehe|hihi|lachen|lol|lustig|muahaha|rofl|smiley|tränen|witzig
🙂	slightly_smiling_face	leicht lächelndes gesicht|leicht lachelndes gesicht|gesicht|leicht|lächeln|smiley
🙃	upside_down_face	umgekehrtes gesicht|auf dem kopf|gesicht|lächeln|smiley|stehen|umgekehrt
🫠	melting_face	schmelzendes gesicht|auflösen|beschämt|flüssig|gesicht|hitze|sarkasmus|sarkastisch|schmelzen|schwitzen|smiley|verschwinden
😉	wink	zwinkerndes gesicht|auge|flirten|gesicht|sexy|smiley|zudrücken|zugedrückt|zukneifen|zuzwinkern|zwinkern
😊	blush	lächelndes gesicht mit lachenden augen|lachelndes gesicht mit lachenden augen|augen|erröten|freude|freundlich|gesicht|glücklich|lachen|lächeln|rot|wangen
😇	innocent	lächelndes gesicht mit heiligenschein|lachelndes gesicht mit heiligenschein|brav|engel|gesicht|glücklich|heiligenschein|lieb|lächeln|seelig|smiley
🥰	smiling_face_with_three_hearts	lächelndes gesicht mit herzen|lachelndes gesicht mit herzen|3|anhimmeln|bewundern|gesicht|hdgdl|hdl|herzchen|herzen|lieb|liebe|lächeln|smiley|verknallt|verliebt|verzückt
😍	heart_eyes	lächelndes gesicht mit herzförmigen augen|lachelndes gesicht mit herzformigen augen|augen|gesicht|glücklich|herzen|herzförmig|liebe|lächeln|smiley|verliebt
🤩	star_struck	überwältigt|uberwaltigt|aufgeregt|augen|gesicht|grinsen|smiley|star|stern|wow
😘	kissing_heart	kuss zuwerfendes gesicht|flirten|gesicht|kuss|küsschen|küssen|lieb|smiley|zuwerfen
😗	kissing	küssendes gesicht|kussendes gesicht|flirten|gesicht|hdl|knutsch|kuss|küssen|smiley|xoxo
☺️	relaxed	lächelndes gesicht|lachelndes gesicht|fröhlich|gesicht|lächeln|rot|smiley|wangen
😚	kissing_closed_eyes	küssendes gesicht mit geschlossenen augen|kussendes gesicht mit geschlossenen augen|geschlossen|gesicht|knutsch|kuss|küsschen|küssen|rot|smiley|ugen|wangen
😙	kissing_smiling_eyes	küssendes gesicht mit lächelnden augen|kussendes gesicht mit lachelnden augen|augen|flirten|gesicht|knutsch|kuss|küssen|lächeln|smiley
🥲	smiling_face_with_tear	lachendes gesicht mit träne|lachendes gesicht mit trane|berührt|dankbar|erleichtert|freudenträne|gerührt|gesicht|lächeln|smiley|stolz|träne
😋	yum	sich die lippen leckendes gesicht|gesicht|lecker|leckeres essen|lächeln|sich die lippen leckender smiley|smiley|zunge
😛	stuck_out_tongue	gesicht mit herausgestreckter zunge|bäh|gesicht|herausgestreckt|lachen|lustig|smiley|zunge|ätsch
😜	stuck_out_tongue_winking_eye	zwinkerndes gesicht mit herausgestreckter zunge|auge|gesicht|herausgestreckt|herausstrecken|smiley|zudrücken|zugedrückt|zunge|zwinkern
🤪	zany_face	irres gesicht|auge|augen|gesicht|groß|irre|klein|smiley|verrückt
😝	stuck_out_tongue_closed_eyes	gesicht mit herausgestreckter zunge und zusammengekniffenen augen|auge|augen|bäh|ekel|gesicht|herausgestreckt|herausstrecken|igitt|schmeck|schrecklich|smiley|zunge|zusammengekniffen|zusammenkneifen
🤑	money_mouth_face	gesicht mit dollarzeichen|dollar|dollarzeichen|geld|gesicht|mund|smiley|zunge
🤗	hugs	gesicht mit umarmenden händen|gesicht mit umarmenden handen|drücken|gesicht|hände|smiley|umarmen|umarmung
🤭	hand_over_mouth	verlegen kicherndes gesicht|gesicht|haha|hand|hihi|huch|kichern|lachen|mund|rot|smiley|verlegen|wangen
🫢	face_with_open_eyes_and_hand_over_mouth	gesicht mit offenen augen und hand über dem mund|gesicht mit offenen augen und hand uber dem mund|augen|erschrecken|erstaunen|furcht|geschockt|gesicht|hand|mund|offen|omg|schock|smiley|unglauben|verlegenheit|überraschung
🫣	face_with_peeking_eye	gesicht mit durch die finger linsendem auge|auge|finger|gebannt|gesicht|hervorlugen|linsen|schüchtern|smiley|spähen|starren|verlegen
🤫	shushing_face	ermahnendes gesicht|ermahnen|finger|gesicht|leise|psst|pst|ruhe|ruhig|sch|smiley
🤔	thinking	nachdenkendes gesicht|fragen|gesicht|grübeln|hm|komisch|nachdenken|nachdenklich|smiley|wundern
🫡	saluting_face	salutierendes gesicht|aye|gesicht|jawohl|jawoll|militär|ok|respekt|salutieren|smiley|zu befehl
🤐	zipper_mouth_face	gesicht mit reißverschlussmund|gesicht mit reissverschlussmund|geheimnis|gesicht|halten|mund|reißverschluss|schweigen|smiley|wahren
🤨	raised_eyebrow	gesicht mit hochgezogenen augenbrauen|argwöhnisch|augenbrauen|gesicht|hochgezogen|misstrauen|skeptisch|smiley|stutzig|zweifel
😐	neutral_face	neutrales gesicht|ausdruckslos|gesicht|kommentarlos|neutral|smiley|todernst|unbeeindruckt
😑	expressionless	ausdrucksloses gesicht|ausdruckslos|gesicht|kommentarlos|selbstgefällig|smiley|unbeeindruckt|unglaublich
😶	no_mouth	gesicht ohne mund|gesicht|kein|mund|ohne|smiley|sprachlos
🫥	dotted_line_face	gestricheltes gesicht|depressiv|deprimiert|egal|gesicht|gestrichelt|introvertiert|smiley|traurig|unsichtbar|verschwinden|verstecken
😶‍🌫️	face_in_clouds	gesicht in wolken|geistesabwesend|gesicht im nebel|kopf in wolken
😏	smirk	süffisant lächelndes gesicht|suffisant lachelndes gesicht|feixen|flirten|gesicht|lächeln|mundwinkel|schief|smiley|süffisant
😒	unamused	verstimmtes gesicht|gesicht|langweilig|smiley|traurig|unglücklich|unzufrieden|verstimmt
🙄	roll_eyes	augen verdrehendes gesicht|augen|genervt|gesicht|meinetwegen|nerv|ohje|rollen|smiley|verdrehen|verrollen
😬	grimacing	grimassen schneidendes gesicht|gesicht|grimasse|peinlich|schneiden|smiley|verziehen|zähne
😮‍💨	face_exhaling	gesicht, das ausatmet|gesicht das ausatmet|ausatmen|erleichtert|erschöpft|gesicht|husten|puh|pusten|schnaufen|seufz|seufzen|smiley
🤥	lying_face	lügendes gesicht|lugendes gesicht|gesicht|lüge|nase|pinocchio|schwindel
🫨	shaking_face	zitterndes doppelgesicht|doppelgesicht|erdbeben|gesicht|omg|panik|schock|smiley|verrückt|vibrieren|wow|zittern|überrascht
😌	relieved	erleichtertes gesicht|augen|entspannt|erleichtert|geschlossen|gesicht|smiley|zen|zufrieden
😔	pensive	nachdenkliches gesicht|enttäuscht|gesicht|nachdenklich|schrecklich|smiley|traurig|verlieren|verloren
😪	sleepy	schläfriges gesicht|schlafriges gesicht|gesicht|gute|müde|nacht|schläfrig|smiley|traurig
🤤	drooling_face	sabberndes gesicht|gesicht|sabbern|smiley
😴	sleeping	schlafendes gesicht|dösen|einschlafen|gesicht|gute nacht|gähnen|langweilig|mittagsschlaf|müde|nickerchen|schlaf|schlafen|smiley|zzz
😷	mask	gesicht mit atemschutzmaske|arzt|atemschutzmaske|bazillen|erkältet|gesicht|krank|krankheit|mund|mundschutz|schutzmaske|smiley|viren|virus
🤒	face_with_thermometer	gesicht mit fieberthermometer|fieber|gesicht|krank|messen|smiley|thermometer
🤕	face_with_head_bandage	gesicht mit kopfverband|aua|autsch|gesicht|kopf|schmerzen|smiley|verband|verletzung
🤢	nauseated_face	würgendes gesicht|wurgendes gesicht|ekel|eklig|erbrechen|gesicht|grün|igitt|smiley|widerlich|würgen|übelkeit|übergeben
🤮	vomiting_face	kotzendes gesicht|brechen|erbrechen|gesicht|kotzen|krank|schlecht|smiley|speien|spucken|übel|übergeben
🤧	sneezing_face	niesendes gesicht|erkältet|erkältung|gesicht|gesundheit|grippe|hatschi|krank|nase|niesen|putzen|smiley|taschentuch
🥵	hot_face	schwitzendes gesicht|erhitzt|fieber|fiebrig|gesicht|heiß|herausstrecken|hitze|hitzschlag|rot|schnaufen|schwitzen|smiley|zunge
🥶	cold_face	frierendes gesicht|bibbern|blau|eisig|erfrieren|frieren|frostig|frösteln|gesicht|kalt|smiley|unter null|zittern|zähne|zähneklappern
🥴	woozy_face	schwindeliges gesicht|angeheitert|angeschwipst|angetrunken|benebelt|berauscht|beschwipst|betrunken|gewellt|mund|schwindelig|schwindlig|smiley
😵	dizzy_face	benommenes gesicht|augen|benommen|gesicht|ko|krank|kreuze|schwindelig|schwindlig|smiley
😵‍💫	face_with_spiral_eyes	gesicht mit spiralen als augen|augen|gesicht|hypnose|hypnotisiert|höhenangst|omg|schwindelig|schwindlig|smiley|spiralen|verwirrt|wirr
🤯	exploding_head	explodierender kopf|entsetzt|explodieren|geschockt|gesicht|kopf|schock|schockiert|smiley|unglaublich|überwältigt
🤠	cowboy_hat_face	gesicht mit cowboyhut|cowboy|cowboyhut|cowgirl|gesicht|hut|smiley
🥳	partying_face	partygesicht|aufgeregt|feier|fest|fröhlich|geburtstag|gesicht|glückwunsch|hurra|hut|party|smiley|überraschung
🥸	disguised_face	verkleidet|brille|gesicht|incognito|inkognito|maske|nase|nasenbrille|person|smiley|spionieren|verdeckt|verkleidung
😎	sunglasses	lächelndes gesicht mit sonnenbrille|lachelndes gesicht mit sonnenbrille|cool|gesicht|lächeln|smiley|sonnenbrille
🤓	nerd_face	strebergesicht|brille|gesicht|intelligent|klug|nerd|schlau|schlaumeier|smart|smiley|streber
🧐	monocle_face	gesicht mit monokel|elegant|gesicht|monokel|reich|smiley
😕	confused	verwundertes gesicht|gesicht|keine ahnung|smiley|traurig|verwirrt|verwundert|weiß nicht
🫤	face_with_diagonal_mouth	gesicht mit schrägem mund|gesicht mit schragem mund|enttäuscht|genervt|gesicht|hmpf|keine ahnung|langweilig|skeptisch|smiley|unsicher|zweifelnd
😟	worried	besorgtes gesicht|besorgt|gesicht|smiley|sorgen|traurig
🙁	slightly_frowning_face	betrübtes gesicht|betrubtes gesicht|betrübt|gesicht|schade|smiley|traurig
☹️	frowning_face	düsteres gesicht|dusteres gesicht|deprimiert|düster|gesicht|smiley|stirnrunzelnd|traurig
😮	open_mouth	gesicht mit offenem mund|erstaunt|gesicht|mund|offen|omg|schockiert|unglaublich|vergessen|wow
😯	hushed	verdutztes gesicht|erstaunt|gesicht|omg|smiley|sprachlos|verdutzt
😲	astonished	erstauntes gesicht|erstaunt|gesicht|nee|omg|schockiert|smiley|verwundert
😳	flushed	errötetes gesicht mit großen augen|errotetes gesicht mit grossen augen|augen|erröten|gesicht|groß|peinlich|rot|scham|schämen|smiley|verlegen|wangen|überrascht
🥺	pleading_face	bettelndes gesicht|anflehen|augen|betteln|bettelnd|bitte|bitten|flehend|gesicht|groß|kulleraugen|smiley|traurig|welpenaugen
🥹	face_holding_back_tears	gesicht, das tränen zurückhält|gesicht das tranen zuruckhalt|aufgebracht|dankbar|freude|freudentränen|gerührt|gesicht|rührung|smiley|stolz|tränen|weinen|zurückhalten
😦	frowning	entsetztes gesicht|entsetzt|gesicht|mund|offen|schockiert|smiley|verwundert
😧	anguished	qualvolles gesicht|arm|gesicht|leidend|qualvoll|smiley|vergessen|wow
😨	fearful	ängstliches gesicht|angstliches gesicht|angst|besorgt|gesicht|ängstlich
😰	cold_sweat	besorgtes gesicht mit schweißtropfen|besorgtes gesicht mit schweisstropfen|angst|angstschweiß|besorgt|gesicht|mund|nervös|offen|schweiß|ängstlich
😥	disappointed_relieved	trauriges aber erleichtertes gesicht|enttäuscht|erleichtert|gesicht|knapp|schweiß|traurig|ängstlich
😢	cry	weinendes gesicht|gesicht|smiley|traurig|träne|weinen
😭	sob	heulendes gesicht|flennen|gesicht|heulen|schluchzen|smiley|traurig|tränen|tränenfluss|weinen
😱	scream	vor angst schreiendes gesicht|angst|gesicht|munch|omg|panik|schrei|schreien|schreiend|ängstlich
😖	confounded	verwirrtes gesicht|bestürzt|frustriert|gesicht|konfus|smiley|verwirrt|verzweifelt
😣	persevere	entschlossenes gesicht|ausdauernd|durchhalten|fokus|gesicht|konzentration|konzentrieren|kopfschmerzen
😞	disappointed	enttäuschtes gesicht|enttauschtes gesicht|enttäuscht|gesicht|leider|schade|smiley|traurig|verloren
😓	sweat	bedrücktes gesicht mit schweiß|bedrucktes gesicht mit schweiss|angstschweiß|augen|bedrückt|geschlossen|gesicht|kopfschmerzen|schweiß|smiley
😩	weary	erschöpftes gesicht|erschopftes gesicht|erschöpft|fehlschlag|gesicht|hungrig|müde|nein|smiley|unglücklich
😫	tired_face	müdes gesicht|mudes gesicht|gesicht|müde|niesen|smiley|traurig
🥱	yawning_face	gähnendes gesicht|gahnendes gesicht|gelangweilt|gesicht|gähnen|gähnend|langweilig|müde|schnarch|smiley|zzz|öde
😤	triumph	schnaubendes gesicht|erleichtert|gesicht|gewonnen
😡	pout rage	schmollendes gesicht|gesicht|rot|rot angelaufener smiley|wütend
😠	angry	verärgertes gesicht|verargertes gesicht|böse|gesicht|smiley|verärgert|wut|wütend|zornig|ärgern
🤬	cursing_face	gesicht mit symbolen über dem mund|gesicht mit symbolen uber dem mund|fluchen|gesicht|mund|schimpfen|schimpfwort|smiley|symbole|verdammt|wut|wütend|zensur|ärger|ärgern
😈	smiling_imp	grinsendes gesicht mit hörnern|grinsendes gesicht mit hornern|böse|dämon|dämonin|fantasie|grinsen|hörner|lila|märchen|satan|smiley|teufel|violett
👿	imp	wütendes gesicht mit hörnern|wutendes gesicht mit hornern|böse|dämon|dämonin|fantasie|fantasy|gesicht|hörner|kobold|lila|märchen|satan|teufel|teufelchen|violett|wütend
💀	skull	totenkopf|gesicht|knochen|märchen|schädel|tod|tot|yolo
☠️	skull_and_crossbones	totenkopf mit gekreuzten knochen|gekreuzt|gesicht|knochen|piratenflagge|schädel|tod|tot|totenkopf
💩	hankey poop shit	kothaufen|kot|mist
🤡	clown_face	clown-gesicht|clown gesicht|clown|gesicht
👹	japanese_ogre	ungeheuer|gesicht|gruselig|japan|japanisch|maske|monster|märchen|oger
👺	japanese_goblin	kobold|gemein|gesicht|japan|japanisch|maske|monster|märchen|tengu|ungeheuer|wütend
👻	ghost	gespenst|buh|fantasy|geist|gesicht|gruselig|halloween|märchen|spuk|zunge
👽	alien	außerirdischer|ausserirdischer|alien|all|außerirdisch|außerirdische|fantasy|gesicht|monster|märchen|ufo|weltraum|wesen
👾	space_invader	computerspiel-monster|computerspiel monster|gesicht|monster|ufo
🤖	robot	roboter|gesicht|monster|robotergesicht|roboterkopf
😺	smiley_cat	grinsende katze|gesicht|grinsen|katze|katzengesicht|lachen|lol|lustig|mund|offen|smiley|tier
😸	smile_cat	grinsende katze mit lachenden augen|augen|gesicht|grinsen|katze|katzengesicht|lachen|smiley|tier
😹	joy_cat	katze mit freudentränen|katze mit freudentranen|freude|freudentränen|gesicht|katze|katzengesicht|lachen|smiley|tier|tränen
😻	heart_eyes_cat	lachende katze mit herzen als augen|augen|gesicht|herzaugen|herzen|katze|katzengesicht|lachen|liebe|lächeln|smiley|tier|verliebt
😼	smirk_cat	verwegen lächelnde katze|verwegen lachelnde katze|gesicht|grinsen|ironisch|katze|katzengesicht|lachen|lächeln|smiley|tier|verwegen
😽	kissing_cat	küssende katze|kussende katze|augen|geschlossen|gesicht|katze|katzengesicht|kuss|küsschen|küsse|küssen|rot|smiley|tier|wangen
🙀	scream_cat	erschöpfte katze|erschopfte katze|angst|erschöpft|gesicht|katze|katzengesicht|panik|schock|schockiert|schrei|schreien|smiley|tier|überrascht
😿	crying_cat_face	weinende katze|gesicht|katze|katzengesicht|smiley|tier|traurig|träne|weinen
😾	pouting_cat	schmollende katze|gesicht|katze|katzengesicht|schmollen|schmollmund|smiley|tier|verärgert
🙈	see_no_evil	sich die augen zuhaltendes affengesicht|affe|affengesicht|augen|böse|geheimnis|gemein|geste|nein|omg|sehen|tier|verboten|vergessen|verstecken|zuhalten
🙉	hear_no_evil	sich die ohren zuhaltendes affengesicht|affe|affengesicht|böse|geheimnis|gemein|geste|hören|nein|ohren|tier|verboten|zuhalten|zuhören
🙊	speak_no_evil	sich den mund zuhaltendes affengesicht|affe|affengesicht|böse|geheimnis|gemein|geste|hand|heimlich|leise|mund|nein|sagen|sprechen|still|tier|ups|verboten|zuhalten
💌	love_letter	liebesbrief|brief|herz|liebe|post|siegel
💘	cupid	herz mit pfeil|herz|liebe|pfeil
💝	gift_heart	herz mit schleife|herz|hochzeitstag|jahrestag|küsschen|küsse|liebe|schleife|valentinstag|xoxo
💖	sparkling_heart	funkelndes herz|aufregung|funkeln|gefühl|glitzern|herz|liebe|morgen|nacht|rosa|xoxo
💗	heartpulse	wachsendes herz|aufregung|gefühl|herz|herzschlag|küsschen|küsse|liebe|nervosität|nervös|puls|wachsen|xoxo
💓	heartbeat	schlagendes herz|gefühl|herz|herzschlag|liebe|puls|pulsieren|schlagen
💞	revolving_hearts	kreisende herzen|emotion|gefühl|herz|herzen|hochzeitstag|jahrestag|kreisen|liebe|süß
💕	two_hearts	zwei herzen|date|gefühl|herz|herzen|hochzeitstag|jahrestag|küsschen|küsse|liebe|rendezvous|xoxo|zwei
💟	heart_decoration	herzdekoration|deko|emotion|gefühl|herz|liebe|lila|violett|weiß
❣️	heavy_heart_exclamation	herz als ausrufezeichen|ausrufezeichen|herz|satzzeichen
💔	broken_heart	gebrochenes herz|allein|gebrochen|gefühl|herz|herzschmerz|liebeskummer|schmerz|traurig|trennung|zerbrochen
❤️‍🔥	heart_on_fire	herz in flammen|brennendes herz|leidenschaft|liebe
❤️‍🩹	mending_heart	herz mit verband|besserung|genesen
❤️	heart	rotes herz|herz
🩷	pink_heart	pinkes herz|gefallen|gefällt|gefühl|herz|liebe|mag|mögen|niedlich|pink|rosa|süß|verliebt
🧡	orange_heart	oranges herz|herz|liebe|orange
💛	yellow_heart	gelbes herz|gefühl|gelb|herz|herzlich|liebe
💚	green_heart	grünes herz|grunes herz|gefühl|grün|herz|liebe|romantisch
💙	blue_heart	blaues herz|blau|gefühl|herz|liebe|romantisch
🩵	light_blue_heart	hellblaues herz|aquamarin|emotion|gefallen|gefällt|gefühl|hdl|hellblau|herz|liebe|mag|mögen|niedlich|süß|türkis|zyan
💜	purple_heart	lila herz|beste|gefühl|hdl|herz|liebe|lila|lilafarben|violett
🤎	brown_heart	braunes herz|braun|herz
🖤	black_heart	schwarzes herz|böse|herz|schwarz
🩶	grey_heart	graues herz|emotion|grau|hdl|herz|liebe|schieferfarben|silber|silberfarben
🤍	white_heart	weißes herz|weisses herz|herz|weiß
💋	kiss	kussabdruck|gefühl|knutsch|kuss|küssen|liebe|lippen|lippenstift|romantisch|sexy
💯	100	100 punkte|100|punktestand|volle punktzahl
💢	anger	ärger|arger|comic|wut
💥	boom collision	zusammenstoß|zusammenstoss|bombe|boom|comic|explodieren|explosion|kollidieren|kollision|zusammenstoßen
💫	dizzy	schwindlig|benommen|benommenheit|comic|komet|stern|sterne|sternschnuppe
💦	sweat_drops	schweißtropfen|schweisstropfen|comic|feucht|nass|schweiß|schwitzen|trainieren|training|tropfen|wasser
💨	dash	staubwolke|comic|rennen|weglaufen
🕳	hole	loch|schwarz
💬	speech_balloon	sprechblase mit drei punkten|comic|dialog|gespräch|sprechblase|unterhaltung
👁️‍🗨️	eye_speech_bubble	auge in sprechblase|auge|dialog|reden|sprechblase|sprechen|zeuge
🗨	left_speech_bubble	sprechblase links|dialog|reden|sprechen|unterhaltung
🗯	right_anger_bubble	sprechblase für wütende aussage rechts|sprechblase fur wutende aussage rechts|sprechblase|wütend
💭	thought_balloon	gedankenblase|comic|nachdenken
💤	zzz	schlafen|buchstaben|comic|gähn|langweilig|müde|nickerchen|schlaf|schnarchen|zzz|öde
👋	wave	winkende hand|auf wiedersehen|bis später|ciao|guten tag|hallo|hand|hey|hi|tschüs|tschüss|winken
🤚	raised_back_of_hand	erhobene hand von hinten|erhoben|erhobener handrücken|hand
🖐	raised_hand_with_fingers_splayed	hand mit gespreizten fingern|5|finger|fünf|gespreizt|hand
✋️	hand raised_hand	erhobene hand|5|erhoben|halt|hand|handfläche|high five|schlag ein|stopp|warte
🖖	vulcan_salute	vulkanischer gruß|vulkanischer gruss|finger|gruß|grüßen|hand|hände|spreizen
🫱	rightwards_hand	nach rechts weisende hand|ausgestreckt|ausstrecken|hand|hände|händeschütteln|rechts|reichen|schütteln|weisen
🫲	leftwards_hand	nach links weisende hand|ausgestreckt|ausstrecken|hand|hände|händeschütteln|links|reichen|schütteln|weisen
🫳	palm_down_hand	hand mit handfläche nach unten|hand mit handflache nach unten|abweisen|fallen lassen|fallenlassen|hand|handfläche|handgeste|hau ab|unten|verscheuchen|wegscheuchen|wegschicken
🫴	palm_up_hand	hand mit handfläche nach oben|hand mit handflache nach oben|anbieten|angebot|darbieten|einladen|entgegenstrecken|hand|handfläche|handgeste|kommen|locken|oben|reichen
🫷	leftwards_pushing_hand	nach links schiebende hand|drücken|halt|hand|high 5|high five|links|moment|nein|schieben|schluss|stopp|warte mal|warten
🫸	rightwards_pushing_hand	nach rechts schiebende hand|drücken|halt|hand|high 5|high five|moment|nein|rechts|schieben|schluss|stopp|warte mal|warten
👌	ok_hand	ok-zeichen|ok zeichen|exzellent|finger|genial|hand|in ordnung|natürlich|ok|perfekt|super
🤌	pinched_fingers	zusammengedrückte finger|zusammengedruckte finger|bündelhand|finger|fingerspitzen|gehts noch|geste|hand|handgeste|italienisch|was|zusammengedrückt|zusammengelegt
🤏	pinching_hand	wenig-geste|wenig geste|betrag|finger|gering|geste|hand|klein|menge|unbedeutend|wenig|winzig
✌️	v	victory-geste|victory geste|sieg|v|victory
🤞	crossed_fingers	hand mit gekreuzten fingern|finger|gekreuzt|hand
🫰	hand_with_index_finger_and_thumb_crossed	hand mit gekreuztem zeigefinger und daumen|daumen|finger|fingerherz|gekreuzt|geld|hand|handgeste|kosten|teuer|zeigefinger
🤟	love_you_gesture	ich-liebe-dich-geste|ich liebe dich geste|drei|finger|geste|hand|hdl|liebe
🤘	metal	teufelsgruß|teufelsgruss|corna|finger|hand|heavy|hörner|mano cornuta|metal|metalhand|pommesgabel|rock|teufel|yeah
🤙	call_me_hand	ruf-mich-an-handzeichen|ruf mich an handzeichen|anruf|anrufen|hand|ruf|shaka
👈	point_left	nach links weisender zeigefinger|finger|handrückseite|links|weisen|zeigefinger|zeigen
👉	point_right	nach rechts weisender zeigefinger|finger|handrückseite|rechts|weisen|zeigefinger|zeigen
👆	point_up_2	nach oben weisender zeigefinger von hinten|aufwärts|finger|handrücken|handrückseite|hier|hinauf|melden|oben|rauf|weisen|zeigefinger|zeigen
🖕	fu middle_finger	mittelfinger|finger|hand
👇	point_down	nach unten weisender zeigefinger|abwärts|finger|handrücken|handrückseite|hinab|hinunter|runter|unten|weisen|zeigefinger|zeigen
☝️	point_up	nach oben weisender zeigefinger von vorne|finger|hand|handvorderseite|hier|melden|oben|weisen|zeigefinger|zeigen
🫵	index_pointing_at_the_viewer	auf betrachter zeigender zeigefinger|deuten|du|finger|fingerzeig|hand|handgeste|sie|stupsen|zeigefinger|zeigen
👍	+1 thumbsup	daumen hoch|daumen|einverstanden|finger|gut|hand|in ordnung|jawohl|klar|klasse|like|nach oben|ok|super|top
👎	-1 thumbsdown	daumen runter|daumen|hand|nach unten|schlecht
✊️	fist fist_raised	erhobene faust|erhoben|faust|hand|kampf|solidarität
👊	facepunch fist_oncoming punch	geballte faust|absolut|bro|faust|geballt|hand|korrekt|zustimmen
🤛	fist_left	faust nach links|faust|hand|nach links
🤜	fist_right	faust nach rechts|faust|hand|nach rechts
👏	clap	klatschende hände|klatschende hande|applaudieren|applaus|beifall|gratulation|großartig|gut|hand|hände|klatschen|klatschend|toll
🙌	raised_hands	zwei erhobene handflächen|zwei erhobene handflachen|erhoben|feiern|geste|handflächen|hurra|hände|zwei
🫶	heart_hands	hände, die herz bilden|hande die herz bilden|<3|finger|geste|handgeste|handherz|hdl|herz|hände|händeherz|liebe
👐	open_hands	offene hände|offene hande|hände|jazz|offen|umarmen|umarmung
🤲	palms_up_together	handflächen nach oben|handflachen nach oben|beten|gebet|hand|hände|nach oben|zusammen
🤝	handshake	handschlag|hände|händeschütteln|vereinbarung
🙏	pray	zusammengelegte handflächen|zusammengelegte handflachen|beten|betend|bitten|danke|danken|gebet|gefaltet|grüßen|handflächen|zusammengelegt
✍️	writing_hand	schreibende hand|hand|schreiben|schreibend|stift
💅	nail_care	nagellack|kosmetik|maniküre|nagel|nagelpflege
🤳	selfie	selfie|smartphone
💪	muscle	angespannter bizeps|arm|bizeps|bodybuilder|bro|fitnessstudio|gewichtheben|muckies|muskeln|stark|training
🦾	mechanical_arm	armprothese|arm|barrierefreiheit|prothese
🦿	mechanical_leg	beinprothese|barrierefreiheit|bein|prothese
🦵	leg	bein|extremität|fuß|gebeugtes knie|gliedmaße|knie|körperglied|körperteil|treten|tritt
🦶	foot	fuß|fuss|füße|kick|knöchel|körperteil|stampfen|treten|tritt
👂	ear	ohr|hören|körperteil
🦻	ear_with_hearing_aid	ohr mit hörgerät|ohr mit horgerat|barrierefreiheit|gehörlos|hilfsgerät|hörgerät|hörhilfe|ohr|schwerhörig|taub
👃	nose	nase|körperteil|riechen
🧠	brain	gehirn|hirn|intelligent|intelligenz|klug|schlau
🫀	anatomical_heart	herz (organ)|herz organ|anatomie|herz|herzschlag|körper|körperteil|mensch|organ|puls|schlagen
🫁	lungs	lunge|atem|atmen|ausatmen|einatmen|körper|körperteil|lungenflügel|mensch|organ
🦷	tooth	zahn|perlweiß|weiß|zahnarzt|zahnärztin|zähne
🦴	bone	knochen|hund|hundeknochen|kauknochen|skelett
👀	eyes	augen|auge|gesicht|gucken|schauen|sehen
👁	eye	auge|blick|körper|körperteil|schauen|sehen
👅	tongue	zunge|hmm|körperteil|lecken|lecker|mmh|ätsch
👄	lips	mund|kuss|körperteil|lippen|lippenstift
🫦	biting_lip	auf lippe beißen|auf lippe beissen|angst|beißen|besorgt|flirten|flirtend|kuss|lippenstift|mund|nervös|sexy|unbehaglich|zähne|ängstlich
👶	baby	baby|gesicht|jung|kind|kleinkind|locke
🧒	child	kind|enkelkind|jung|jünger|munter|strahlend
👦	boy	junge|enkelsohn|gesicht|jung|jünger|kind|munter|sohn|strahlend
👧	girl	mädchen|madchen|enkeltochter|gesicht|jung|jünger|kind|munter|strahlend|tochter
🧑	adult	person|erwachsen|erwachsene person|mensch
👱	blond_haired_person	person: blondes haar|person blondes haar|blond|blondhaarig|gesicht|mensch|person
👨	man	mann|erwachsen|gesicht
🧔	bearded_person	person: bart|person bart|bart|bärtig|person|schnurrbart
🧔‍♂️	man_beard	mann: bart|mann bart|bart|mann|mann mit bart
🧔‍♀️	woman_beard	frau: bart|frau bart|bart|frau|frau mit bart
👨‍🦰	red_haired_man	mann: rotes haar|mann rotes haar|erwachsen|gesicht|mann|rotes haar
👨‍🦱	curly_haired_man	mann: lockiges haar|mann lockiges haar|erwachsen|gesicht|lockiges haar|mann
👨‍🦳	white_haired_man	mann: weißes haar|mann weisses haar|erwachsen|gesicht|mann|weißes haar
👨‍🦲	bald_man	mann: glatze|mann glatze|erwachsen|gesicht|glatze|mann
👩	woman	frau|erwachsen|gesicht
👩‍🦰	red_haired_woman	frau: rotes haar|frau rotes haar|erwachsen|frau|gesicht|rotes haar
🧑‍🦰	person_red_hair	person: rotes haar|person rotes haar|erwachsen|erwachsene person|mensch|person|rotes haar
👩‍🦱	curly_haired_woman	frau: lockiges haar|frau lockiges haar|erwachsen|frau|gesicht|lockiges haar
🧑‍🦱	person_curly_hair	person: lockiges haar|person lockiges haar|erwachsen|erwachsene person|lockiges haar|mensch|person
👩‍🦳	white_haired_woman	frau: weißes haar|frau weisses haar|erwachsen|frau|gesicht|weißes haar
🧑‍🦳	person_white_hair	person: weißes haar|person weisses haar|erwachsen|erwachsene person|mensch|person|weißes haar
👩‍🦲	bald_woman	frau: glatze|frau glatze|erwachsen|frau|gesicht|glatze
🧑‍🦲	person_bald	person: glatze|person glatze|erwachsen|erwachsene person|glatze|mensch|person
👱‍♀️	blond_haired_woman blonde_woman	frau: blond|frau blond|blond|blonde frau|frau|gesicht|haar
👱‍♂️	blond_haired_man	mann: blond|mann blond|blond|blonder mann|gesicht|haar|mann
🧓	older_adult	ältere person|altere person|alt|erwachsen|großeltern|mensch|person|weise|älter
👴	older_man	älterer mann|alterer mann|alt|erwachsen|großeltern|großvater|mann|mensch|opa|senior|weise|älter
👵	older_woman	ältere frau|altere frau|alt|erwachsen|frau|großeltern|großmutter|mensch|oma|seniorin|weise|älter
🙍	frowning_person	missmutige person|frustriert|gesicht|missmutig|person|runzeln|stirnrunzelnd|unzufrieden|verärgert
🙍‍♂️	frowning_man	missmutiger mann|frustriert|gesicht|mann|missmutig|runzeln|stirnrunzelnd|unzufrieden|verärgert
🙍‍♀️	frowning_woman	missmutige frau|frau|frustriert|gesicht|missmutig|runzeln|stirnrunzelnd|unzufrieden|verärgert
🙎	pouting_face	schmollende person|eingeschnappt|enttäuscht|jammerd|jammern|person|schmollen|schmollend|verärgert
🙎‍♂️	pouting_man	schmollender mann|eingeschnappt|enttäuscht|jammerd|jammern|mann|schmollen|schmollend|verärgert
🙎‍♀️	pouting_woman	schmollende frau|eingeschnappt|enttäuscht|frau|jammerd|jammern|schmollen|schmollend|verärgert
🙅	no_good	person mit überkreuzten armen|person mit uberkreuzten armen|arme|gesicht|nein|nicht|person|verbieten|verboten|überkreuzt
🙅‍♂️	ng_man no_good_man	mann mit überkreuzten armen|mann mit uberkreuzten armen|arme|gesicht|mann|nein|nicht|verbieten|verboten|überkreuzt
🙅‍♀️	ng_woman no_good_woman	frau mit überkreuzten armen|frau mit uberkreuzten armen|arme|frau|gesicht
🙆	ok_person	person mit händen auf dem kopf|person mit handen auf dem kopf|geste|hände|oje|ok|omg|person|über kopf|übung
🙆‍♂️	ok_man	mann mit händen auf dem kopf|mann mit handen auf dem kopf|geste|hände|mann|oje|ok|omg|über kopf|übung
🙆‍♀️	ok_woman	frau mit händen auf dem kopf|frau mit handen auf dem kopf|frau|geste|hände|oje|ok|omg|über kopf|übung
💁	information_desk_person tipping_hand_person	infoschalter-mitarbeiter(in)|infoschalter mitarbeiterin|abgekippt|beleidigen|gerüchte|geste|hand|klatsch|klatschen|person|sarkasmus|sarkastisch|tratsch|tratschen
💁‍♂️	sassy_man tipping_hand_man	infoschalter-mitarbeiter|infoschalter mitarbeiter|abgekippt|beleidigen|gerüchte|geste|hand|klatsch|klatschen|mann|sarkasmus|sarkastisch|tratsch|tratschen
💁‍♀️	sassy_woman tipping_hand_woman	infoschalter-mitarbeiterin|infoschalter mitarbeiterin|auskunft|frau|informationen
🙋	raising_hand	person mit erhobenem arm|aufzeigen|drankommen|drannehmen|frage|geste|hand|heben|hier|ich|person|sich melden|wissen
🙋‍♂️	raising_hand_man	mann mit erhobenem arm|aufzeigen|drankommen|drannehmen|frage|geste|hand|heben|hier|ich|mann|sich melden|wissen
🙋‍♀️	raising_hand_woman	frau mit erhobenem arm|aufzeigen|drankommen|drannehmen|frage|frau|geste|hand|heben|hier|ich|sich melden|wissen
🧏	deaf_person	gehörlose person|gehorlose person|barrierefreiheit|gehörlos|hören|ohr|person|schwerhörig|taub
🧏‍♂️	deaf_man	gehörloser mann|gehorloser mann|gehörlos|mann|taub
🧏‍♀️	deaf_woman	gehörlose frau|gehorlose frau|frau|gehörlos|taub
🙇	bow	sich verbeugende person|bedauern|bitten|demut|entschuldigung|geste|kniefall|meditation|meditieren|person|sorry|unterwerfen|verbeugen|verzeihung
🙇‍♂️	bowing_man	sich verbeugender mann|demut|mann|verbeugen
🙇‍♀️	bowing_woman	sich verbeugende frau|bedauern|bitten|demut|entschuldigung|frau|geste|kniefall|meditation|meditieren|sorry|unterwerfen|verbeugen|verzeihung
🤦	facepalm	sich an den kopf fassende person|fassen|frustriert|genervt|gesicht|kopf|oh nein|omg|person|unfassbar|unglaublich|verzweifelt
🤦‍♂️	man_facepalming	sich an den kopf fassender mann|fassen|frustriert|genervt|gesicht|kopf|mann|oh nein|omg|unfassbar|unglaublich|verzweifelt
🤦‍♀️	woman_facepalming	sich an den kopf fassende frau|fassen|frau|frustriert|genervt|gesicht|kopf|oh nein|omg|unfassbar|unglaublich|verzweifelt
🤷	shrug	schulterzuckende person|egal|gleichgültig|keine ahnung|person|schultern zucken|schulterzuckend|weiß nicht|zweifel
🤷‍♂️	man_shrugging	schulterzuckender mann|egal|gleichgültig|keine ahnung|mann|schultern zucken|schulterzuckend|weiß nicht|zweifel
🤷‍♀️	woman_shrugging	schulterzuckende frau|egal|frau|gleichgültig|keine ahnung|schultern zucken|schulterzuckend|weiß nicht|zweifel
🧑‍⚕️	health_worker	arzt/ärztin|arzt arztin|arztkittel|doktor(in)
👨‍⚕️	man_health_worker	arzt|arztkittel|doktor|krankenpfleger|pfleger
👩‍⚕️	woman_health_worker	ärztin|arztin|arztkittel|doktor|krankenschwester|pflegerin
🧑‍🎓	student	student(in)|studentin|absolvent(in)|doktorhut|uni
👨‍🎓	man_student	student|absolvent|diplom|doktorhut|uni
👩‍🎓	woman_student	studentin|abschluss|absolventin|diplom|doktorhut|uni
🧑‍🏫	teacher	lehrer(in)|lehrerin|dozent(in)|professor(in)
👨‍🏫	man_teacher	lehrer|dozent|mann|professor|tafel
👩‍🏫	woman_teacher	lehrerin|dozentin|frau|professorin
🧑‍⚖️	judge	richter(in)|richterin|waage
👨‍⚖️	man_judge	richter|gerechtigkeit|mann|recht
👩‍⚖️	woman_judge	richterin|frau|gerechtigkeit|recht
🧑‍🌾	farmer	bauer/bäuerin|bauer bauerin|farmer(in)|gärtner(in)|landwirt(in)
👨‍🌾	man_farmer	bauer|farmer|gärtner|landwirt|rancher|ähre
👩‍🌾	woman_farmer	bäuerin|bauerin|farmerin|gärtnerin|landwirtin|ähre
🧑‍🍳	cook	koch/köchin|koch kochin|kochen
👨‍🍳	man_cook	koch|kochen|restaurant
👩‍🍳	woman_cook	köchin|kochin|kochen
🧑‍🔧	mechanic	mechaniker(in)|mechanikerin|elektriker(in)|klempner(in)
👨‍🔧	man_mechanic	mechaniker|elektriker|handwerker|klempner|mann
👩‍🔧	woman_mechanic	mechanikerin|elektrikerin|frau|handwerkerin|klempnerin
🧑‍🏭	factory_worker	fabrikarbeiter(in)|fabrikarbeiterin|arbeiter(in)|fabrik|industriell|montage
👨‍🏭	man_factory_worker	fabrikarbeiter|fabrik|helm
👩‍🏭	woman_factory_worker	fabrikarbeiterin|fabrik|frau|helm
🧑‍💼	office_worker	büroangestellte(r)|buroangestellter|architekt(in)|business|manager(in)|schlips und kragen
👨‍💼	man_office_worker	büroangestellter|buroangestellter|angestellter|büro|manager|mann
👩‍💼	woman_office_worker	büroangestellte|buroangestellte|angestellte|büro|frau|managerin|mangerin
🧑‍🔬	scientist	wissenschaftler(in)|wissenschaftlerin|forscher(in)|labor
👨‍🔬	man_scientist	wissenschaftler|chemie|forscher|labor
👩‍🔬	woman_scientist	wissenschaftlerin|forscherin|frau|labor
🧑‍💻	technologist	it-experte/it-expertin|it experte it expertin|bildschirm|computer|entwickler(in)
👨‍💻	man_technologist	it-experte|it experte|arbeit|bildschirm|büro|computer|entwickler|mann|office
👩‍💻	woman_technologist	it-expertin|it expertin|arbeit|bildschirm|büro|computer|entwickler|entwicklerin|frau|laptop|office
🧑‍🎤	singer	sänger(in)|sangerin|entertainer(in)|rock|star
👨‍🎤	man_singer	sänger|sanger|mann|mikrofon|popstar|schauspieler
👩‍🎤	woman_singer	sängerin|sangerin|frau|mikrofon|popstar|schauspielerin
🧑‍🎨	artist	künstler(in)|kunstlerin|farbpalette|maler(in)
👨‍🎨	man_artist	künstler|kunstler|farbpalette|maler|mann
👩‍🎨	woman_artist	künstlerin|kunstlerin|farbpalette|frau|malerin
🧑‍✈️	pilot	pilot(in)|pilotin|flugzeug
👨‍✈️	man_pilot	pilot|flugzeug|mann
👩‍✈️	woman_pilot	pilotin|flieger|flugzeug|frau
🧑‍🚀	astronaut	astronaut(in)|astronautin|raumfahrt|weltraum
👨‍🚀	man_astronaut	astronaut|mann|raumfahrt|weltraum
👩‍🚀	woman_astronaut	astronautin|frau|raumfahrt|weltraum
🧑‍🚒	firefighter	feuerwehrmann/-frau|feuerwehrmann frau|feuerwehrhelm
👨‍🚒	man_firefighter	feuerwehrmann|feuerwehr|feuerwehrhelm|mann
👩‍🚒	woman_firefighter	feuerwehrfrau|feuerwehrhelm|frau
👮	cop police_officer	polizist(in)|polizistin|beruf|festnehmen|gesetzeshüter|gesicht|person|polizei|polizist|uniform|verhaften
👮‍♂️	policeman	polizist|mann|polizei
👮‍♀️	policewoman	polizistin|beruf|festnehmen|frau|gesetzeshüterin|person|polizei|uniform|verhaften
🕵	detective	detektiv(in)|detektivin|detektiv|lupe|sherlock|spion
🕵️‍♂️	male_detective	detektiv|mann|spion
🕵️‍♀️	female_detective	detektivin|frau|spionage|spionin
💂	guard	wache|buckingham palace|bärenfellmütze|gesicht|london|wachfrau|wachmann|wachsoldat|wachsoldatin|wächter
💂‍♂️	guardsman	wachsoldat|buckingham palace|wache
💂‍♀️	guardswoman	wachsoldatin|buckingham|buckingham palace|guard|helm|london|palast|wache|wächter
🥷	ninja	ninja|ausdauer|geheimmission|killer|krieger|kunoichi|kämpfer|mörder|person|shinobi|soldat|vermummt
👷	construction_worker	bauarbeiter(in)|bauarbeiterin|arbeit|bau|bauarbeiter|beruf|gesicht|helm|person|schutzhelm|umbauen
👷‍♂️	construction_worker_man	bauarbeiter|baustelle|helm
👷‍♀️	construction_worker_woman	bauarbeiterin|bauarbeiter|baustelle|frau|helm|mann
🫅	person_with_crown	person mit krone|adelig|krönung|könig|königin|königlich|königliche hoheit|monarch|monarchin|person|prinz|prinzessin
🤴	prince	prinz|krone
👸	princess	prinzessin|gesicht|krone|märchen
👳	person_with_turban	person mit turban|bart|dreitagebart|person|turban
👳‍♂️	man_with_turban	mann mit turban|gesicht|mann|turban
👳‍♀️	woman_with_turban	frau mit turban|frau|gesicht|turban
👲	man_with_gua_pi_mao	mann mit chinesischem hut|china|chinesisch|gesicht|hut|kappe|mütze|person
🧕	woman_with_headscarf	frau mit kopftuch|frau|hidschab|hijab|kopftuch|mantilla|person|tichel|tuch
🤵	person_in_tuxedo	person im smoking|anzug|bräutigam|formell|mann|person|smoking|vornehm
🤵‍♂️	man_in_tuxedo	mann im smoking|mann|smoking
🤵‍♀️	woman_in_tuxedo	frau im smoking|frau|smoking
👰	person_with_veil	person mit schleier|braut|braut mit schleier|gesicht|hochzeit|person|schleier
👰‍♂️	man_with_veil	mann mit schleier|mann|schleier
👰‍♀️	bride_with_veil woman_with_veil	frau mit schleier|frau|schleier
🤰	pregnant_woman	schwangere frau|frau|schwanger
🫃	pregnant_man	schwangerer mann|aufgebläht|bauch|dick|person|schwanger|zu viel gegessen|überfressen
🫄	pregnant_person	schwangere person|aufgebläht|bauch|dick|dicker bauch|person|schwanger|schwangerschaft|zu viel gegessen|überfressen
🤱	breast_feeding	stillen|baby|brust|frau|person
👩‍🍼	woman_feeding_baby	frau, die baby die flasche gibt|frau die baby die flasche gibt|baby|eltern|flasche geben|flasche gebende frau|frau|füttern|mama|milch|mutter|neugeborenes|person|säugling
👨‍🍼	man_feeding_baby	mann, der baby die flasche gibt|mann der baby die flasche gibt|baby|flasche geben|flasche gebender mann|füttern|mann
🧑‍🍼	person_feeding_baby	person, die baby die flasche gibt|person die baby die flasche gibt|baby|flasche geben|flasche gebende person|person
👼	angel	putte|engel|gesicht|kind|märchen
🎅	santa	weihnachtsmann|weihnachten
🤶	mrs_claus	weihnachtsfrau|weihnachten
🧑‍🎄	mx_claus	weihnachtsperson|gesicht|gesicht mit hut|person|santa claus|weihnachten|weihnachtsfrau|weihnachtshut|weihnachtsmann|weihnachtsmütze
🦸	superhero	superheld(in)|superheldin|held|person|superheld|superkraft|superkräfte|superman|umhang|übermensch
🦸‍♂️	superhero_man	superheld|held
🦸‍♀️	superhero_woman	heldin|superheldin
🦹	supervillain	bösewicht|bosewicht|böse|bösewichtin|krimineller|person|schurke|schurkin|superkräfte|superschurke|superschurkin|verbrecher
🦹‍♂️	supervillain_man	männlicher bösewicht|mannlicher bosewicht|böse|bösewicht
🦹‍♀️	supervillain_woman	weiblicher bösewicht|weiblicher bosewicht|böse|bösewicht
🧙	mage	magier(in)|magierin|hexe|hexenmeister|magier|magiker|person|zauberer|zauberin|zaubern|zauberspruch|zauberstab
🧙‍♂️	mage_man	magier|hexenmeister|zauberer
🧙‍♀️	mage_woman	magierin|hexe|zauberin
🧚	fairy	märchenfee|marchenfee|elf|elfe|fantasy|fee|flügel|geflügelt|mystisch|märchen|person|wesen
🧚‍♂️	fairy_man	männliche fee|mannliche fee|oberon|puck|zauberer
🧚‍♀️	fairy_woman	fee|titania
🧛	vampire	vampir|blutsauger|dracula|halloween|person|reißzähne|untot|untoter|zähne
🧛‍♂️	vampire_man	männlicher vampir|mannlicher vampir|dracula|untoter
🧛‍♀️	vampire_woman	weiblicher vampir|untoter
🧜	merperson	wassermensch|meerjungfrau|meermann|märchen|nixe|person|sirene|wasserfrau|wassermann
🧜‍♂️	merman	wassermann|triton
🧜‍♀️	mermaid	meerjungfrau|nixe|wasserfrau
🧝	elf	elf(e)|elfe|elbe|elben|elbin|elf|fantasy|herr der ringe|magie|magisch|person
🧝‍♂️	elf_man	elf|alb|elbe|magisch
🧝‍♀️	elf_woman	elfe|elbin|magisch
🧞	genie	flaschengeist|aladdin|aladin|dschinn|lampe|person|wunderlampe|wünsche
🧞‍♂️	genie_man	männlicher flaschengeist|mannlicher flaschengeist|dschinn
🧞‍♀️	genie_woman	weiblicher flaschengeist|dschinn
🧟	zombie	zombie|apokalypse|halloween|horror|person|untot|untoter|walking dead|wandelnder toter
🧟‍♂️	zombie_man	männlicher zombie|mannlicher zombie|untoter|wandelnder toter
🧟‍♀️	zombie_woman	weiblicher zombie|untote|wandelnde tote
🧌	troll	troll|fantasy|gruslig|kobold|monster|märchen|ork|ungeheuer
💆	massage	person, die eine kopfmassage bekommt|person die eine kopfmassage bekommt|behandlung|die eine kopfmassage bekommt|entspannen|kopfmassage|kopfschmerzen|massage|migräne|person|salon|spa|therapie
💆‍♂️	massage_man	mann, der eine kopfmassage bekommt|mann der eine kopfmassage bekommt|der eine kopfmassage bekommt|entspannen|kopfmassage|kopfschmerzen|mann|massage|salon
💆‍♀️	massage_woman	frau, die eine kopfmassage bekommt|frau die eine kopfmassage bekommt|behandlung|entspannen|entspannend|frau|gesicht|kopf|kopfmassage|kopfschmerzen|kopfweh|lindern|massage|relaxen|salon|spa|therapie|verspannung
💇	haircut	person beim haareschneiden|friseur|friseurin|friseuse|frisur|frisör|frisörin|haare|haarschnitt|person|schere
💇‍♂️	haircut_man	mann beim haareschneiden|friseur|frisur|haarschnitt|mann|salon|schere
💇‍♀️	haircut_woman	frau beim haareschneiden|frau|friseur|haarschnitt|schere
🚶	walking	fußgänger(in)|fussgangerin|fußgänger|fußgängerin|gehen|gehend|person|schlendern|schlurfen|wandern
🚶‍♂️	walking_man	fußgänger|fussganger|gehen|mann|spaziergang
🚶‍♀️	walking_woman	fußgängerin|fussgangerin|frau|gehen|schlendern|spazieren|spaziergang
🧍	standing_person	stehende person|mensch|person|stand|stehen
🧍‍♂️	standing_man	stehender mann|mann|stehen
🧍‍♀️	standing_woman	stehende frau|frau|stehen
🧎	kneeling_person	kniende person|fersensitz|knien|kniend|meditation|meditieren|mensch|person|seiza|zazen
🧎‍♂️	kneeling_man	kniender mann|kniend|mann
🧎‍♀️	kneeling_woman	kniende frau|frau|kniend
🧑‍🦯	person_with_probing_cane	person mit langstock|barrierefreiheit|blind|person mit blindenstock
👨‍🦯	man_with_probing_cane	mann mit langstock|barrierefreiheit|behinderung|blind|mann|mann mit blindenstock|mann mit gehstock|mensch|person|sehbehindert
👩‍🦯	woman_with_probing_cane	frau mit langstock|barrierefreiheit|behinderung|blind|frau|frau mit blindenstock|frau mit gehstock|mensch|person
🧑‍🦼	person_in_motorized_wheelchair	person in elektrischem rollstuhl|barrierefreiheit|rollstuhl
👨‍🦼	man_in_motorized_wheelchair	mann in elektrischem rollstuhl|barrierefreiheit|behinderung|mann|mann in rollstuhl|mensch|person|rollstuhl
👩‍🦼	woman_in_motorized_wheelchair	frau in elektrischem rollstuhl|barrierefreiheit|behinderung|frau|frau in rollstuhl|mensch|person|rollstuhl
🧑‍🦽	person_in_manual_wheelchair	person in manuellem rollstuhl|barrierefreiheit|rollstuhl
👨‍🦽	man_in_manual_wheelchair	mann in manuellem rollstuhl|barrierefreiheit|behinderung|mann|mann in rollstuhl|mensch|person|rollstuhl
👩‍🦽	woman_in_manual_wheelchair	frau in manuellem rollstuhl|barrierefreiheit|behinderung|frau|frau in rollstuhl|mensch|person|rollstuhl
🏃	runner running	laufende person|eilig|joggen|laufen|läufer|läuferin|marathon|person|rennen|schnell|sport
🏃‍♂️	running_man	laufender mann|joggen|jogger|laufen|marathon
🏃‍♀️	running_woman	laufende frau|athlet|athletin|frau|joggen|joggerin|laufen|läufer|läuferin|marathon|rennen|renner|rennerin|rennt|schell
💃	dancer woman_dancing	tanzende frau|elegant|festlich|flair|flamenco|frau|salsa|schwung|tango|tanz|tanzen|tänzerin
🕺	man_dancing	tanzender mann|elegant|festlich|flair|flamenco|mann|salsa|schwung|tango|tanz|tanzen|tänzer
🕴	business_suit_levitating	schwebender mann im anzug|anzug|geschäftlich|mann
👯	dancers	personen mit hasenohren|bunny|bunnys|doppelt|hasenohren|leute|party|person|seelenverwandt|tanzen|tänzerinnen|zwillinge
👯‍♂️	dancing_men	männer mit hasenohren|manner mit hasenohren|bunnys|hasenohren|männer|party|tanzen|zwillinge
👯‍♀️	dancing_women	frauen mit hasenohren|bunnys|frauen|hasenohren|party
🧖	sauna_person	person in dampfsauna|abschalten|dampfbad|dampfsauna|entspannen|frau|luxuriös|person|relaxen|sauna|spa
🧖‍♂️	sauna_man	mann in dampfsauna|dampfsauna|sauna
🧖‍♀️	sauna_woman	frau in dampfsauna|dampfsauna|sauna
🧗	climbing	bergsteiger(in)|bergsteigerin|bergsteiger|fels|kletterer|klettern|person|sport
🧗‍♂️	climbing_man	bergsteiger
🧗‍♀️	climbing_woman	bergsteigerin|bergsteiger
🤺	person_fencing	fechter(in)|fechterin|fechten|fechter|schwert|sport
🏇	horse_racing	pferderennen|jockey auf pferd|schnell|sport|um die wette|wetten
⛷️	skier	skifahrer(in)|skifahrerin|schnee|ski|skifahrer|sport
🏂	snowboarder	snowboarder(in)|snowboarderin|snowboard|snowboarden|snowboarder|sport
🏌	golfing	golfer(in)|golferin|abschlagplatz|golf|golfer|golfspieler|golfspielerin|person|sport|sportler|sportlerin
🏌️‍♂️	golfing_man	golfer|golf|golfen|golfspieler|mann
🏌️‍♀️	golfing_woman	golferin|frau|golf|golfen|golfspielerin
🏄	surfer	surfer(in)|surferin|person|sport|surfboard|surfbrett|surfen|surfer|wassersport|wellenreiten|wellenreiter|wellenreiterin
🏄‍♂️	surfing_man	surfer|mann|wellenreiten
🏄‍♀️	surfing_woman	surferin|frau|sport|strand|surf|surfbrett|wellen|wellenreiten
🚣	rowboat	person im ruderboot|angeln|boot|kanu|paddel|person|ruderboot|rudern|sport
🚣‍♂️	rowing_man	mann im ruderboot|boot|mann|rudern
🚣‍♀️	rowing_woman	frau im ruderboot|boot|bootfahrerin|frau|ruder|ruderin|rudern|see
🏊	swimmer	schwimmer(in)|schwimmerin|kraulen|person|pool|schwimmbecken|schwimmen|schwimmer|sport|triathlon|wasser
🏊‍♂️	swimming_man	schwimmer|kraulen|pool|schwimmbad|schwimmen
🏊‍♀️	swimming_woman	schwimmerin|frau|kraulen|pool|schwimmbad|schwimmen|sport
⛹️	bouncing_ball_person	person mit ball|ball|basketball|basketballer|basketballspieler|basketballspielerin|dribbeln|person|sport|sportler|sportlerin
⛹️‍♂️	basketball_man bouncing_ball_man	mann mit ball|ballsport|handball|mann
⛹️‍♀️	basketball_woman bouncing_ball_woman	frau mit ball|ball|ballsport|basketball|basketballspieler|frau|handball|sport
🏋	weight_lifting	gewichtheber(in)|gewichtheberin|gewicht|gewichtheber|hantel|muskeln|person|schwer|sport|stark|training
🏋️‍♂️	weight_lifting_man	gewichtheber|gewicht heben|mann
🏋️‍♀️	weight_lifting_woman	gewichtheberin|frau|gewicht heben|gewichte heben|gewichteheberin
🚴	bicyclist	radfahrer(in)|radfahrerin|fahrrad|person|rad|radeln|radfahren|radfahrer|sport|tour de france
🚴‍♂️	biking_man	radfahrer|fahrrad|mann|rad
🚴‍♀️	biking_woman	radfahrerin|fahrrad|fahrradfahrerin|frau|frauen|rad|radeln|radlerin
🚵	mountain_bicyclist	mountainbiker(in)|mountainbikerin|fahrrad|mountainbiker|mountainbiking|person|rad|radfahren|radfahrer|radfahrerin|sport|tour de france
🚵‍♂️	mountain_biking_man	mountainbiker|fahrrad|mann|mountainbike|rad
🚵‍♀️	mountain_biking_woman	mountainbikerin|fahrrad|fahrradfahrerin|frau|mountain bike|mountain bikerin|mountainbike|rad|radeln|radfahrerin|sport
🤸	cartwheeling	rad schlagende person|akrobatik|bodenturnen|gymnastik|person|rad|rad schlagen|radschlag|sport|turner|turnerin
🤸‍♂️	man_cartwheeling	rad schlagender mann|akrobatik|bodenturnen|gymnastik|mann|person|rad|rad schlagen|radschlag|sport|turner
🤸‍♀️	woman_cartwheeling	rad schlagende frau|akrobatik|bodenturnen|frau|gymnastik|person|rad|rad schlagen|radschlag|sport|turnerin
🤼	wrestling	ringer(in)|ringerin|catchen|catcher|person|ringen|ringer|ringkampf|sport|sportler|wrestler|wrestling
🤼‍♂️	men_wrestling	ringende männer|ringende manner|catchen|catcher|männer|ringen|ringer|ringkampf|sport|wrestler|wrestling
🤼‍♀️	women_wrestling	ringende frauen|catchen|catcherin|person|ringen|ringer|ringerin|ringkampf|sport|wrestlerin|wrestling
🤽	water_polo	wasserballspieler(in)|wasserballspielerin|person|schwimmsport|sport|sportler|sportlerin|wasser|wasserball|wasserballspieler|wassersport
🤽‍♂️	man_playing_water_polo	wasserballspieler|mann|person|schwimmsport|sport|sportler|wasser|wasserball|wassersport
🤽‍♀️	woman_playing_water_polo	wasserballspielerin|ballspiele|frau|person|schwimmsport|sport|sportlerin|wasser|wasserball|wassersport
🤾	handball_person	handballspieler(in)|handballspielerin|handball|handballer|handballerin|handballspieler|person|schleudern|sport|sportler|werfen
🤾‍♂️	man_playing_handball	handballspieler|handball|mann|sport
🤾‍♀️	woman_playing_handball	handballspielerin|frau|handball|handballerin|person|schleudern|sport|sportlerin|werfen
🤹	juggling_person	jongleur(in)|jongleurin|artist|artistin|geschickt|jongleur|jongleuse|jonglieren|multitasking|person|zirkus
🤹‍♂️	man_juggling	jongleur|artist|entertainer|geschickt|jonglieren|mann|multitasking|person|unterhalter|zirkus
🤹‍♀️	woman_juggling	jongleurin|frau|geschickt|jonglieren|multitasking
🧘	lotus_position	person im lotossitz|burmesischer sitz|frau|lotussitz|meditation|person|person in lotussitz|schneidersitz|yoga|zen
🧘‍♂️	lotus_position_man	mann im lotossitz|meditation|yoga
🧘‍♀️	lotus_position_woman	frau im lotossitz|meditation|yoga
🛀	bath	badende person|bad|baden|badewanne|badezimmer|dusche|entspannen
🛌	sleeping_bed	im bett liegende person|bett|gute nacht|heia|müde|nachtruhe|schlaf schön|schlafen|zzz
🧑‍🤝‍🧑	people_holding_hands	sich an den händen haltende personen|sich an den handen haltende personen|händchen halten|hände|hände halten|menschen|paar|personen|pärchen
👭	two_women_holding_hands	händchen haltende frauen|handchen haltende frauen|frauen|händchen halten|paar|pärchen aus frau und frau
👫	couple	mann und frau halten hände|mann und frau halten hande|frau|händchen halten|mann|paar|pärchen aus frau und mann
👬	two_men_holding_hands	händchen haltende männer|handchen haltende manner|händchen halten|männer|paar|pärchen aus mann und mann|zwillinge
💏	couplekiss	sich küssendes paar|sich kussendes paar|frau|herz|kuss|küssen|küssendes paar|mann
👩‍❤️‍💋‍👨	couplekiss_man_woman	sich küssendes paar: frau, mann|sich kussendes paar frau mann|frau|herz|kuss|küssen|küssendes paar|mann|sich küssendes paar
👨‍❤️‍💋‍👨	couplekiss_man_man	sich küssendes paar: mann, mann|sich kussendes paar mann mann|frau|herz|kuss|küssen|küssendes paar|mann|sich küssendes paar
👩‍❤️‍💋‍👩	couplekiss_woman_woman	sich küssendes paar: frau, frau|sich kussendes paar frau frau|frau|herz|kuss|küssen|küssendes paar|mann|sich küssendes paar
💑	couple_with_heart	liebespaar|frau|herz|liebe|mann|paar
👩‍❤️‍👨	couple_with_heart_woman_man	liebespaar: frau, mann|liebespaar frau mann|frau|herz|liebe|liebespaar|mann|paar
👨‍❤️‍👨	couple_with_heart_man_man	liebespaar: mann, mann|liebespaar mann mann|frau|herz|liebe|liebespaar|mann|paar
👩‍❤️‍👩	couple_with_heart_woman_woman	liebespaar: frau, frau|liebespaar frau frau|frau|herz|liebe|liebespaar|mann|paar
👨‍👩‍👦	family_man_woman_boy	familie: mann, frau und junge|familie mann frau und junge|familie|frau|junge|kind|mann|mutter|vater
👨‍👩‍👧	family_man_woman_girl	familie: mann, frau und mädchen|familie mann frau und madchen|familie|frau|junge|kind|mann|mutter|mädchen|vater
👨‍👩‍👧‍👦	family_man_woman_girl_boy	familie: mann, frau, mädchen und junge|familie mann frau madchen und junge|familie|frau|junge|kind|mann|mutter|mädchen|vater
👨‍👩‍👦‍👦	family_man_woman_boy_boy	familie: mann, frau, junge und junge|familie mann frau junge und junge|familie|frau|junge|kind|mann|mutter|vater
👨‍👩‍👧‍👧	family_man_woman_girl_girl	familie: mann, frau, mädchen und mädchen|familie mann frau madchen und madchen|familie|frau|junge|kind|mann|mutter|mädchen|vater
👨‍👨‍👦	family_man_man_boy	familie: mann, mann und junge|familie mann mann und junge|familie|junge|kind|mann|mutter|vater
👨‍👨‍👧	family_man_man_girl	familie: mann, mann und mädchen|familie mann mann und madchen|familie|junge|kind|mann|mutter|mädchen|vater
👨‍👨‍👧‍👦	family_man_man_girl_boy	familie: mann, mann, mädchen und junge|familie mann mann madchen und junge|familie|junge|kind|mann|mutter|mädchen|vater
👨‍👨‍👦‍👦	family_man_man_boy_boy	familie: mann, mann, junge und junge|familie mann mann junge und junge|familie|junge|kind|mann|mutter|vater
👨‍👨‍👧‍👧	family_man_man_girl_girl	familie: mann, mann, mädchen und mädchen|familie mann mann madchen und madchen|familie|junge|kind|mann|mutter|mädchen|vater
👩‍👩‍👦	family_woman_woman_boy	familie: frau, frau und junge|familie frau frau und junge|familie|frau|junge|kind|mutter|vater
👩‍👩‍👧	family_woman_woman_girl	familie: frau, frau und mädchen|familie frau frau und madchen|familie|frau|junge|kind|mutter|mädchen|vater
👩‍👩‍👧‍👦	family_woman_woman_girl_boy	familie: frau, frau, mädchen und junge|familie frau frau madchen und junge|familie|frau|junge|kind|mutter|mädchen|vater
👩‍👩‍👦‍👦	family_woman_woman_boy_boy	familie: frau, frau, junge und junge|familie frau frau junge und junge|familie|frau|junge|kind|mutter|vater
👩‍👩‍👧‍👧	family_woman_woman_girl_girl	familie: frau, frau, mädchen und mädchen|familie frau frau madchen und madchen|familie|frau|junge|kind|mutter|mädchen|vater
👨‍👦	family_man_boy	familie: mann, junge|familie mann junge|familie|junge|kind|mann|mutter|vater
👨‍👦‍👦	family_man_boy_boy	familie: mann, junge und junge|familie mann junge und junge|familie|junge|kind|mann|mutter|vater
👨‍👧	family_man_girl	familie: mann, mädchen|familie mann madchen|familie|junge|kind|mann|mutter|mädchen|vater
👨‍👧‍👦	family_man_girl_boy	familie: mann, mädchen und junge|familie mann madchen und junge|familie|junge|kind|mann|mutter|mädchen|vater
👨‍👧‍👧	family_man_girl_girl	familie: mann, mädchen und mädchen|familie mann madchen und madchen|familie|junge|kind|mann|mutter|mädchen|vater
👩‍👦	family_woman_boy	familie: frau, junge|familie frau junge|familie|frau|junge|kind|mutter|vater
👩‍👦‍👦	family_woman_boy_boy	familie: frau, junge und junge|familie frau junge und junge|familie|frau|junge|kind|mutter|vater
👩‍👧	family_woman_girl	familie: frau, mädchen|familie frau madchen|familie|frau|junge|kind|mutter|mädchen|vater
👩‍👧‍👦	family_woman_girl_boy	familie: frau, mädchen und junge|familie frau madchen und junge|familie|frau|junge|kind|mutter|mädchen|vater
👩‍👧‍👧	family_woman_girl_girl	familie: frau, mädchen und mädchen|familie frau madchen und madchen|familie|frau|junge|kind|mutter|mädchen|vater
🗣	speaking_head	sprechender kopf|gesicht|kopf|silhouette|sprechen|sprechend|sprechende person
👤	bust_in_silhouette	silhouette einer büste|silhouette einer buste|büste|person
👥	busts_in_silhouette	silhouette mehrerer büsten|silhouette mehrerer busten|büsten|personen
🫂	people_hugging	sich umarmende personen|abschied|danke|drücken|drücker|freundschaft|hallo|liebe|tschüss|umarmung
👪	family	familie|junge|kind|mutter|vater
👣	footprints	fußabdrücke|fussabdrucke|abdruck|auf dem weg|fuß|fußabdruck
🐵	monkey_face	affengesicht|affe|banane|dschungel|gesicht|tier|zoo
🐒	monkey	affe|tier
🦍	gorilla	gorilla|affe|gesicht|tier
🦧	orangutan	orang-utan|orang utan|affe|tier
🐶	dog	hundegesicht|gesicht|hund|tier|treu|wau|wuff
🐕	dog2	hund|haustier|tier|wau|wuff
🦮	guide_dog	blindenhund|barrierefreiheit|behinderung|blind|hund|sehbehindert|tier
🐕‍🦺	service_dog	assistenzhund|assistenz|barrierefreiheit|behinderung|hund|tier
🐩	poodle	pudel|hund|tier
🐺	wolf	wolf|gesicht|tier|wolfsgesicht
🦊	fox_face	fuchs|fuchsgesicht|gesicht|tier
🦝	raccoon	waschbär|waschbar|klug|neugierig|schlau|tier
🐱	cat	katzengesicht|gesicht|katze|miau|miez|miezekatze|tier
🐈	cat2	katze|haustier|miau|tier
🐈‍⬛	black_cat	schwarze katze|kater|katze|miau|pech|schwarz|schwarzer kater|tier|unglück
🦁	lion	löwe|lowe|gesicht|löwengesicht|sternzeichen|tier|tierkreis
🐯	tiger	tigergesicht|gesicht|raubkatze|tier|tiger
🐅	tiger2	tiger|tier
🐆	leopard	leopard|gepunktet|punkte|raubkatze|raubtier|tier|zoo
🐴	horse	pferdegesicht|gesicht|pferd|pferdekopf|tier
🫎	moose	elch|geweih|säugetier|tier
🫏	donkey	esel|austreten|dickschädel|dummkopf|maultier|stur|störrisch|säugetier|tier
🐎	racehorse	pferd|rennen|rennpferd|tier
🦄	unicorn	einhorn|einhorngesicht|gesicht
🦓	zebra	zebra|streifen|tier
🦌	deer	hirsch|gesicht|tier
🦬	bison	bison|büffel|herde|ochse|tier|wisent
🐮	cow	kuhgesicht|gesicht|kuh|tier
🐂	ox	ochse|kuh|sternzeichen|stier|tier|tierkreis
🐃	water_buffalo	wasserbüffel|wasserbuffel|büffel|tier|wasser
🐄	cow2	kuh|bauernhof|muh|tier
🐷	pig	schweinegesicht|gesicht|schwein|tier
🐖	pig2	schwein|bauernhof|sau|tier
🐗	boar	wildschwein|eber|schwein|tier
🐽	pig_nose	schweinerüssel|schweinerussel|nase|schwein|tier
🐏	ram	widder|schaf|sternzeichen|tierkreis
🐑	sheep	schaf|bock|mäh|tier|widder|wolle
🐐	goat	ziege|steinbock|sternzeichen|tier|tierkreis
🐪	dromedary_camel	dromedar|einhöckrig|kamel|tier|wüste
🐫	camel	kamel|tier|wüste|zweihöckrig
🦙	llama	lama|alpaca|alpaka|anden|kamel|tier|vicuña|wolle
🦒	giraffe	giraffe|flecken|tier
🐘	elephant	elefant|tier
🦣	mammoth	mammut|aussterben|groß|natur|stoßzahn|tier|wollig
🦏	rhinoceros	nashorn|rhinozeros|tier
🦛	hippopotamus	nilpferd|flusspferd|hippo|tier
🐭	mouse	mäusegesicht|mausegesicht|gesicht|maus|mausgesicht|nagetier|tier
🐁	mouse2	maus|nage|tier
🐀	rat	ratte|nagetier|tier
🐹	hamster	hamster|gesicht|hamstergesicht|tier
🐰	rabbit	hasengesicht|gesicht|hase|kaninchen|karnickel|langohr|mümmelmann|nager|nagetier|tier
🐇	rabbit2	hase|kaninchen|karnickel|mümmelmann|nagetier|tier
🐿	chipmunk	streifenhörnchen|streifenhornchen|tier
🦫	beaver	biber|biberschwanz|biberzahn|damm|natur|otter|tier
🦔	hedgehog	igel|stachelig|stacheln|tier
🦇	bat	fledermaus|tier|vampir
🐻	bear	bär|bar|bärengesicht|gesicht|tier
🐻‍❄️	polar_bear	eisbär|eisbar|arktis|nordpol|weiß
🐨	koala	koala|koalabär|koalagesicht|tier
🐼	panda_face	panda|gesicht|pandabär|pandagesicht|tier
🦥	sloth	faultier|faul|langsam|tier|träge
🦦	otter	otter|fischen|tier|verspielt
🦨	skunk	stinktier|skunk|stinken|tier
🦘	kangaroo	känguru|kanguru|australien|beuteltier|down under|hüpfen|quokka|skippy|springen|tier|wallaby
🦡	badger	dachs|dachse|frechdachs|honigdachs|ratel|tier
🐾	feet paw_prints	tatzenabdrücke|tatzenabdrucke|abdruck|tatzen|tier
🦃	turkey	truthahn|geflügel|pute|thanksgiving
🐔	chicken	huhn|geflügel|henne|tier|tierkopf
🐓	rooster	hahn|tier
🐣	hatching_chick	schlüpfendes küken|schlupfendes kuken|ei|küken|küken in eierschale|piep|schlüpfen|tier|vogel
🐤	baby_chick	küken|kuken|kükenkopf|tier
🐥	hatched_chick	küken von vorne|kuken von vorne|geflügel|küken|küken in frontansicht|tier
🐦	bird	vogel|papagei|taube|tier|vogelkopf
🐧	penguin	pinguin|pinguinkopf|tier|vogel
🕊	dove	taube|fliegen|friede|frieden|friedenstaube|vogel
🦅	eagle	adler|tier|vogel
🦆	duck	ente|tier|vogel
🦢	swan	schwan|hässliches entlein|tier|vogel
🦉	owl	eule|raubvogel|tier|uhu|vogel|weise
🦤	dodo	dodo|aussterben|dronte|groß|mauritius|natur|tier|vogel
🪶	feather	feder|federleicht|federn|fliegen|gefieder|leicht|vogelfeder
🦩	flamingo	flamingo|bunt|farbenfroh|rosa|tier|tropen|tropisch|vogel
🦚	peacock	pfau|bunt|stolz|stolzieren|tier|vogel
🦜	parrot	papagei|ausplaudern|pirat|plappern|sprechen|tier|vogel|wiederholen
🪽	wing	flügel|flugel|engel|engelsflügel|federn|fliegen|flug|himmlisch|mythologie|vogel
🐦‍⬛	black_bird	schwarzer vogel|amsel|krächzen|krähe|rabe|schnabel|schwarz|tier|vogel
🪿	goose	gans|blöd|dumm|dumme gans|ganter|geflügel|gänserich|schnattern|tier|vogel
🐸	frog	frosch|froschgesicht|gesicht|grün|quak|tier
🐊	crocodile	krokodil|reptil|schnappi|tier
🐢	turtle	schildkröte|schildkrote|tier
🦎	lizard	eidechse|reptil
🐍	snake	schlange|schlangenträger|sternzeichen|tier|tierkreis
🐲	dragon_face	drachengesicht|drache|gesicht|märchen|tier
🐉	dragon	drache|chinesisch neujahr|märchen|tier
🦕	sauropod	sauropode|brachiosaurus|brontosaurus|dino|dinosaurier|diplodocus|saurier
🦖	t-rex	t-rex|trex|dino|dinosaurier|saurier|tree|tyrannosaurus rex
🐳	whale	blasender wal|meer|ozean|tier|wal
🐋	whale2	wal|ozean|tier
🐬	dolphin flipper	delfin|meer|ozean|strand|tier
🦭	seal	seehund|meer|ozean|robbe|seelöwe|tier
🐟	fish	fisch|aquarium|fische|meehr|sternzeichen|tier|tierkreis
🐠	tropical_fish	tropenfisch|fisch|tier
🐡	blowfish	kugelfisch|fisch|kugelrund|meer|tier
🦈	shark	hai|fisch|haifisch|meer|tier
🐙	octopus	oktopus|krake|meer|tier|tintenfisch
🐚	shell	schneckenhaus|muschel|strand|tier
🪸	coral	koralle|great barrier reef|klimawandel|korallenriff|meer|ozean|riff|tier
🪼	jellyfish	qualle|autsch|brennen|gallert|glibber|meer|meeresbewohner|meerestier|nesseltier|ozean|tentakeln
🦀	crab	krebs|krabbe|meer|sternzeichen|strand|tierkreis
🦞	lobster	hummer|lobster|meeresfrucht|meeresfrüchte|meerestier|scheren|tier
🦐	shrimp	garnele|gourmet|krustentier|meeresfrucht|shrimp
🦑	squid	tintenfisch|kalmar|tier
🦪	oyster	auster|meer|muschel|perle|tauchen|tier
🐌	snail	schnecke|langsam|tier
🦋	butterfly	schmetterling|insekt|schön
🐛	bug	raupe|gefräßig|insekt|tier
🐜	ant	ameise|insekt|tier
🐝	bee honeybee	biene|honig|honigbiene|hummel|insekt|maja|natur|summ|tier
🪲	beetle	käfer|kafer|insekt|krabbeltier|minzkäfer|tier|wanze
🐞	lady_beetle	marienkäfer|marienkafer|glückskäfer|insekt|krabbel|käfer|punkte|tier
🦗	cricket	grille|grashüpfer|heuschrecke|insekt|tier|zikade
🪳	cockroach	kakerlake|insekt|krabbeln|krabbeltier|käfer|küchenschabe|la cucaracha|schabe|tier
🕷	spider	spinne|insekt|tier
🕸	spider_web	spinnennetz|netz|spinne
🦂	scorpion	skorpion|horoskop|sternzeichen|tierkreis
🦟	mosquito	mücke|mucke|biss|fieber|insekt|insektenbiss|insektenstich|krankheit|malaria|moskito|schnake|stechmücke|stich|tier|virus
🪰	fly	fliege|fliegen|insekt|krankheit|made|mücke|plage|schmeißfliege|tier|verwesen
🪱	worm	wurm|insekt|natur|parasit|regenwurm|ringelwurm|tier
🦠	microbe	mikrobe|amöbe|amöben|bakterie|bakterien|einzeller|medizin|virus|wissenschaft
💐	bouquet	blumenstrauß|blumenstrauss|blumen|bouquet
🌸	cherry_blossom	kirschblüte|kirschblute|blume|blüte|kirsche|pflanze
💮	white_flower	blumenstempel|blume
🪷	lotus	lotusblüte|lotusblute|blume|buddhismus|erleuchtung|gleichmut|hinduismus|liebe|lotosblume|pflanze|reinheit|ruhe|schönheit
🏵	rosette	rosette|pflanze
🌹	rose	rose|blume|blüte|pflanze
🥀	wilted_flower	welke blume|am sterben|blume|sterbend|verwelkt|welk|welkende blume
🌺	hibiscus	hibiskus|blume|blüte|pflanze|rosa
🌻	sunflower	sonnenblume|blume|blüte|pflanze|sonne
🌼	blossom	gelbe blüte|gelbe blute|blume|blüte|pflanze
🌷	tulip	tulpe|blume|blüte|pflanze
🪻	hyacinth	hyazinthe|blaue wiesenlupine|blume|blühen|blüte|frühling|lavendel|lila|lupine|löwenmaul|pflanze|violett
🌱	seedling	spross|junge pflanze
🪴	potted_plant	topfpflanze|dekor|grünpflanze|haus|pflanze|pflegen|wachsen|zimmerpflanze
🌲	evergreen_tree	nadelbaum|baum|pflanze|tannenbaum
🌳	deciduous_tree	laubbaum|baum|blätter|grün|laub|pflanze|wald
🌴	palm_tree	palme|baum|kokusnuss|oase|pflanze|strand|tropen
🌵	cactus	kaktus|dürre|natur|pflanze|trockenzeit|wüste
🌾	ear_of_rice	reisähre|reisahre|pflanze|reis|reispflanze|ähre
🌿	herb	kräuter|krauter|blätter|pflanze
☘️	shamrock	kleeblatt|grün|pflanze
🍀	four_leaf_clover	glücksklee|glucksklee|blatt|glück|klee|kleeblatt|pflanze|silverster|vier|vierblättrig|vierblättriges kleeblatt
🍁	maple_leaf	ahornblatt|ahorn|blatt|herbst|laub|pflanze
🍂	fallen_leaf	laub|blatt|blätter|fallendes laub|herbst|pflanze
🍃	leaves	blätter im wind|blatter im wind|blatt|blätter|laub|pflanze|wind
🪹	empty_nest	leeres nest|heim|nest|nestbau|nisten|vogelnest|zuhause
🪺	nest_with_eggs	nest mit eiern|heim|nest|nest mit blauen eiern|nestbau|nisten|vogelnest|zuhause
🍄	mushroom	fliegenpilz|giftig|pilz
🍇	grapes	trauben|frucht|obst|traube|wein
🍈	melon	honigmelone|cantaloupe|frucht|melone|obst
🍉	watermelon	wassermelone|frucht|melone|obst|wasser
🍊	mandarin orange tangerine	mandarine|apfelsine|frucht|obst|orange|vitamin
🍋	lemon	zitrone|frucht|obst|sauer|zitrusfrucht
🍌	banana	banane|frucht|obst|schale
🍍	pineapple	ananas|frucht|obst
🥭	mango	mango|essen|frucht|früchte|obst|shaker|tropisch
🍎	apple	roter apfel|apfel|frucht|obst|rot
🍏	green_apple	grüner apfel|gruner apfel|apfel|frucht|gesund|grün|obst
🍐	pear	birne|frucht|obst
🍑	peach	pfirsich|frucht|obst
🍒	cherries	kirschen|frucht|kirsche|obst
🍓	strawberry	erdbeere|beere|essen|frucht|obst
🫐	blueberries	blaubeeren|beere|blau|blaubeere|essen|frucht|heidelbeere|heidelbeeren|lebensmittel|nahrung|obst
🥝	kiwi_fruit	kiwi|frucht|obst
🍅	tomato	tomate|essen|gemüse|obst
🫒	olive	olive|essen|grün|lebensmittel|nahrung|olivenzweig|olivenöl|zweig
🥥	coconut	kokosnuss|colada|essen|frucht|palme|piña
🥑	avocado	avocado|essen|frucht
🍆	eggplant	aubergine|gemüse
🥔	potato	kartoffel|essen|gemüse
🥕	carrot	karotte|gemüse|mohrrübe|möhre
🌽	corn	maiskolben|gemüse|mais
🌶	hot_pepper	peperoni|chili|paprika|pfeffer|pflanze|scharf
🫑	bell_pepper	paprika|essen|gemüse|gemüsepaprika|grün|lebensmittel|nahrung|peperoni
🥒	cucumber	gurke|essen|gemüse|scheiben
🥬	leafy_green	blattgemüse|blattgemuse|blattgrün|essen|gemüse|grünkohl|grünzeug|kohl|kraut|mangold|pak choi|pok choi|salat|salatblatt|spinat
🥦	broccoli	brokkoli|broccoli|essen|gemüse|gemüsekohl|kohl
🧄	garlic	knoblauch|essen|geschmack|lebensmittel|nahrung|würze|zutat
🧅	onion	zwiebel|essen|geschmack|gewürz|lebensmittel|nahrung|würze
🥜	peanuts	erdnuss|essen
🫘	beans	bohnen|bohne|essen|gemüse|hülsenfrucht|kidney-bohne|kidneybohne|lebensmittel
🌰	chestnut	kastanie|marone
🫚	ginger_root	ingwer|gesund|gewürz|ginger ale|ingwerbier|scharf|wurzel|würzig
🫛	pea_pod	erbsenschote|bohne|edamame|erbse|erbsen|essen|gemüse|hülsenfrucht|hülsenfrüchte|schote
🍞	bread	brot|brotlaib|essen|kohlenhydrate|laib brot|toast|weizen|weißbrot
🥐	croissant	croissant|corissant|französisch|frühstück|frühstückshörnchen
🥖	baguette_bread	baguette|brot|französisch|frühstück
🫓	flatbread	fladenbrot|arepa|brot|essen|lavasch|lebensmittel|naan|nahrung|pita
🥨	pretzel	brezel|brezen|brezn|essen|gedreht|oktoberfest
🥯	bagel	bagel|backwaren|brötchen|bäckerei|essen|frühstück|pausenbrot
🥞	pancakes	pfannkuchen|crepe|eierpfannkuchen|essen
🧇	waffle	waffel|essen|lebensmittel|nahrung|waffel mit butter
🧀	cheese	käsestück|kasestuck|käse
🍖	meat_on_bone	fleischhachse|fleisch|knochen|restaurant
🍗	poultry_leg	hähnchenschenkel|hahnchenschenkel|fleisch|geflügel|hühnerbein|restaurant
🥩	cut_of_meat	fleischstück|fleischstuck|essen|fleisch|kotelett|lammkotelett|rot|schnitzel|schweinekotelett|steak
🥓	bacon	bacon|essen|frühstücksspeck|speck|speckstreifen
🍔	hamburger	hamburger|burger|fast food|restaurant
🍟	fries	pommes frites|fritten|pommes
🍕	pizza	pizza|pizzastück|pizzeria
🌭	hotdog	hotdog|essen|frankfurter|hot dog|wurst|würstchen
🥪	sandwich	sandwich|brot|essen
🌮	taco	taco|essen|mexikanisch
🌯	burrito	burrito|essen|mexikanisch
🫔	tamale	tamale|burrito|eingewickelt|essen|lebensmittel|mexikanisch|streetfood|wrap
🥙	stuffed_flatbread	döner|doner|döner kebab|falafel|wrap
🧆	falafel	falafel|bällchen|essen|fleischbällchen|kichererbsen|lebensmittel|nahrung
🥚	egg	ei|frühstück|frühstücksei
🍳	fried_egg	spiegelei in bratpfanne|braten|bratpfanne|kochen|pfanne|spiegelei
🥘	shallow_pan_of_food	pfannengericht|essen|paella|reispfanne
🍲	stew	topf mit essen|eintopf|gericht|schüssel|suppe
🫕	fondue	fondue|essen|geschmolzen|käse|schokolade|schweizerisch|topf
🥣	bowl_with_spoon	schüssel mit löffel|schussel mit loffel|brei|cerealien|essen|frühstück|haferbrei|reisbrei|schüssel|suppe
🥗	green_salad	salat|blattgemüse|essen|gesund|grün
🍿	popcorn	popcorn|kino|snack
🧈	butter	butter|essen|lebensmittel|milchprodukt|nahrung
🧂	salt	salz|gesalzen|geschmack|gewürz|salzig|salzstreuer|würze|zutat
🥫	canned_food	konserve|büchse|dose|essen
🍱	bento	bento-box|bento box|bento|japanisches essen|sushi
🍘	rice_cracker	reiscracker|cracker
🍙	rice_ball	reisbällchen|reisballchen|essen|japanisch|reis
🍚	rice	reis in schüssel|reis in schussel|essen|reis
🍛	curry	reis mit curry|curry|reis
🍜	ramen	schüssel und essstäbchen|schussel und essstabchen|chinesisches essen|dampfend|eiernudeln|nudeln|schüssel|stäbchen|suppe
🍝	spaghetti	spaghetti|essse|nudeln mit tomatensoße|pasta|restaurant
🍠	sweet_potato	geröstete süßkartoffel|gerostete susskartoffel|essen|gemüse|geröstet|süßkartoffel
🍢	oden	oden|japanisches gericht|restaurant
🍣	sushi	sushi|japanisches gericht|restaurant
🍤	fried_shrimp	frittierte garnele|garnele|restaurant|tempura
🍥	fish_cake	fischfrikadelle|fisch|restaurant|spirale
🥮	moon_cake	mondkuchen|essen|fest|festival|herbst|kuchen|mondfest|pinyin|yuebing
🍡	dango	dango|japanisches gericht|mochi-kugeln auf einem spieß|restaurant
🥟	dumpling	teigtasche|chinesische teigtasche|dumpling|empanada|essen|gyōza|jiaozi|kloß|pierogi|potsticker
🥠	fortune_cookie	glückskeks|gluckskeks|essen|prophezeiung
🥡	takeout_box	takeaway-schachtel|takeaway schachtel|chinesisches essen|essen|stäbchen|takeaway-box
🍦	icecream	softeis|eis
🍧	shaved_ice	wassereis|eis|sorbet|zerstoßen
🍨	ice_cream	eiscreme|eis|eisbecher|eisdiele
🍩	doughnut	donut|doughnut|essen|kuchen|süß
🍪	cookie	keks|cookie|plätchen
🎂	birthday	geburtstagskuchen|essen|feier|geburtstag|geburtstagstorte|happy birthday|kerzen|kuchen|lebensmittel|torte
🍰	cake	torte|kuchen|kuchenstück|stück torte|tortenstück
🧁	cupcake	cupcake|bäckerei|dessert|essen|gebäck|kalorienbombe|konditorei|muffin|nachspeise|streusel|süß|zucker
🥧	pie	kuchen|essen|füllung|gebäck|pastete|torte
🍫	chocolate_bar	schokoladentafel|essen|schokolade|süßigkeit
🍬	candy	bonbon|süß|süßigkeit
🍭	lollipop	lutscher|lolli|süßigkeit
🍮	custard	pudding|dessert|flan|nachspeise|nachtisch|schokolade|soße
🍯	honey_pot	honigtopf|honig|süß
🍼	baby_bottle	babyflasche|baby|flasche|fläschchen|kind|milch|trinken
🥛	milk_glass	glas milch|getränk|glas|milch|trinken
☕️	coffee	heißgetränk|heissgetrank|cafe|dampfend|getränk|heiß|kaffee|tasse|tee|trinken
🫖	teapot	teekanne|getränk|kanne|lebensmittel|tee|tee brühen|teekrug|trinken
🍵	tea	teetasse ohne henkel|getränk|grüner tee|oolong|schale|tee|teetasse
🍶	sake	sake-flasche mit tasse|sake flasche mit tasse|flasche|getränk|sake|sake-flasche und -tasse|tasse|trinken
🍾	champagne	flasche mit knallendem korken|champagner|flasche|getränk|knallen|korken|sekt|trinken
🍷	wine_glass	weinglas|alkohol|bar|glas|wein
🍸	cocktail	cocktailglas|bar|cocktail|drink|martini
🍹	tropical_drink	cocktail|bar|exotisches getränk
🍺	beer	bierkrug|bar|bier|krug|oktoberfest|prost|weizenbier
🍻	beers	bierkrüge|bierkruge|anstoßen|bier|oktoberfest|prosit|prost|weizen
🥂	clinking_glasses	sektgläser|sektglaser|anstoßen|feier|feiern|getränk|gläser|prost|sekt
🥃	tumbler_glass	trinkglas|bar|schnaps|whiskey
🫗	pouring_liquid	flüssigkeit ausgießen|flussigkeit ausgiessen|ausgießen|ausleeren|getränk|gießen|glas|leer|missgeschick|tropfende flüssigkeit|verschütten
🥤	cup_with_straw	becher mit strohhalm|becher|brause|erfrischung|saft|selters|soda|strohhalm|trinken|trinkhalm|wasser
🧋	bubble_tea	bubble tea|blase|essen|getränk|lebensmittel|milch|perle|taiwan|tee
🧃	beverage_box	trinkpäckchen|trinkpackchen|fruchtsaft|getränk|obstsaft|saft|saftpackung
🧉	mate	mate-tee|mate tee|getränk|tee
🧊	ice_cube	eiswürfel|eiswurfel|eisberg|gefroren|kalt|kühlen|würfel
🥢	chopsticks	essstäbchen|essstabchen|chinesisches essen|essen|hashi|japanisches essen|stäbchen
🍽	plate_with_cutlery	teller mit messer und gabel|gabel|geschirr|kochen|messer|teller
🍴	fork_and_knife	messer und gabel|abendessen|besteck|essen|frühstück|gabel|gabel und messer|geschirr|hunger|lecker|messer|mittagessen|restaurant
🥄	spoon	löffel|loffel|besteck
🔪	hocho knife	küchenmesser|kuchenmesser|messer|schneiden
🫙	jar	einmachglas|einweckglas|essen|gewürzglas|leer|leerer behälter|leeres einweckglas|leeres glas|marmeladeglas|schraubglas
🏺	amphora	amphore|gefäß|kochen|krug|sternzeichen|tierkreis|trinken|vase|wassermann
🌍	earth_africa	globus mit europa und afrika|afrika|erde|europa|weltkugel
🌎	earth_americas	globus mit amerika|erde|globus|nordamerika|südamerika|weltkugel
🌏	earth_asia	globus mit asien und australien|asien|australien|erde|globus|weltkugel
🌐	globe_with_meridians	globus mit meridianen|breitengrad|längengrad
🗺	world_map	weltkarte|karte|landkarte|reisen|welt
🗾	japan	umriss von japan|japan|karte
🧭	compass	kompass|himmelsrichtung|magnetisch|navigation|orientierung|richtung|windrose
🏔	mountain_snow	schneebedeckter berg|berg|gebirge|kalt|schnee
⛰️	mountain	berg|gebirge
🌋	volcano	vulkan|ausbruch|berg|lava|vulkanausbruch|wetter
🗻	mount_fuji	fuji|berg|vulkan
🏕	camping	camping|campen|zelt|zelten
🏖	beach_umbrella	strand mit sonnenschirm|meer|sonnenschirm|strand
🏜	desert	wüste|wuste|heiß
🏝	desert_island	einsame insel|einsam|insel|meer|palme|strand|verlassen
🏞	national_park	nationalpark|berg|fluss|natur|park|schutzgebiet
🏟	stadium	stadion|arena
🏛	classical_building	antikes gebäude|antikes gebaude|antik|gebäude|klassizistisch
🏗	building_construction	kran|bau|bauen
🧱	bricks	ziegelstein|bauen|grenze|klinker|mauer|mauerwerk|mörtel|wand|ziegel|ziegelsteine|zugemauert
🪨	rock	felsen|felsig|hart|natur|schwer|stein|steinig
🪵	wood	holz|baumstamm|feuerholz|holzig|holzscheite|lagerfeuer
🛖	hut	hütte|hutte|behausung|gebäude|haus|jurte|objekt|rundhaus|schutz
🏘	houses	wohnhäuser|wohnhauser|dorf|gebäude|haus|häuser|wohnhaus|wohnsiedlung
🏚	derelict_house	verfallenes haus|gebäude|haus|heruntergekommen|verfallen|verlassen|verlassenes haus
🏠	house	haus|gebäude|zuhause
🏡	house_with_garden	haus mit garten|baum|haus|haus mit baum
🏢	office	bürogebäude|burogebaude|hochhaus
🏣	post_office	japanisches postgebäude|japanisches postgebaude|japan|post
🏤	european_post_office	postgebäude|postgebaude|europa|europäisches postgebäude|post
🏥	hospital	krankenhaus|ambulanz|arzt|gebäude|krank|medizin|notaufnahme
🏦	bank	bank|gebäude|geld
🏨	hotel	hotel|gebäude|unterkunft|übernachten
🏩	love_hotel	stundenhotel|gebäude|hotel|liebe|unterkunft
🏪	convenience_store	minimarkt|einkaufen|gebäude|geschäft|lebensmittel
🏫	school	schule|gebäude|schulgebäude
🏬	department_store	kaufhaus|einkaufen|gebäude|geschäft|shoppen
🏭	factory	fabrik|fabrikgebäude|gebäude
🏯	japanese_castle	japanisches schloss|bauwerk|gebäude|japan|japanisch|schloss
🏰	european_castle	schloss|bauwerk|burg|europa|europäisch|gebäude|märchen|märchenschloss
💒	wedding	hochzeit|herz|kirche
🗼	tokyo_tower	tokyo tower|fernsehturm|tokio
🗽	statue_of_liberty	freiheitsstatue|amerika|freiheit
⛪️	church	kirche|christ|christentum|christlich|gebäude|kreuz|religion
🕌	mosque	moschee|islam|moslem|muslim|religion
🛕	hindu_temple	hindutempel|gebäude|hindu|tempel
🕍	synagogue	synagoge|jude|jüdisch|religion|tempel
⛩️	shinto_shrine	shinto-schrein|shinto schrein|religion|schrein|shinto
🕋	kaaba	kaaba|hajj|islam|moslem|muslim|religion
⛲️	fountain	springbrunnen|brunnen|garten|park
⛺️	tent	zelt|camping|campingurlaub|zeltplatz
🌁	foggy	neblig|nebel|wetter
🌃	night_with_stars	sternenhimmel|city|hochhäuser|nacht|skyline|stadt|sterne
🏙	cityscape	skyline|gebäude|großstadt|hochhäuser|häuser|stadt|wolkenkratzer
🌄	sunrise_over_mountains	sonnenaufgang über bergen|sonnenaufgang uber bergen|berge|sonnenaufgang
🌅	sunrise	sonnenaufgang über dem meer|sonnenaufgang uber dem meer|meer|sonnenaufgang
🌆	city_sunset	abendstimmung in der stadt|hochhäuser|new york|skyline|sonnenaufgang|sonnenuntergang|wolkenkratzer
🌇	city_sunrise	sonnenuntergang in der stadt|großstadt|hochhäuser|morgenrot|sonnenaufgang|sonnenuntergang|wolkenkratzer
🌉	bridge_at_night	brücke vor nachthimmel|brucke vor nachthimmel|brücke|golden gate|nacht|nachts
♨️	hotsprings	heiße quellen|heisse quellen|dampf|dampfend|heiß|heiße quelle|quelle|quellen
🎠	carousel_horse	karussellpferd|karussell|pferd|reiten
🛝	playground_slide	spielplatzrutsche|rutschbahn|rutsche|spielen|spielplatz|vergnügungspark
🎡	ferris_wheel	riesenrad|freizeitpark|rad|volksfest
🎢	roller_coaster	achterbahn|freizeitpark|volksfest
💈	barber	barbershop-säule|barbershop saule|friseur|herrenfriseur|säule
🎪	circus_tent	zirkuszelt|unterhaltung|zelt|zirkus
🚂	steam_locomotive	dampflokomotive|bahn|dampf|dampflok|fahrzeug|lokomotive|schiene|zug
🚃	railway_car	eisenbahnwagen|fahrzeug|straßenbahn|straßenbahnwagen|tram|wagen|waggon|wagon|zug
🚄	bullettrain_side	hochgeschwindigkeitszug mit spitzer nase|ice|shinkansen|tgv|zug
🚅	bullettrain_front	hochgeschwindigkeitszug|bahn|japan|shinkansen|zug
🚆	train2	zug|bahn|eisenbahn|ice
🚇	metro	u-bahn|u bahn|metro
🚈	light_rail	s-bahn|s bahn|bahn|ice|monorail|zug
🚉	station	bahnhof|bahn|zug
🚊	tram	straßenbahn|strassenbahn|tram|verkehrsmittel
🚝	monorail	einschienenbahn|bahn|magnetschwebebahn|monorail
🚞	mountain_railway	bergbahn|bahn|bimmelbahn|zug
🚋	train	straßenbahnwagen|strassenbahnwagen|straßenbahn|tram|tramwagen|transport|verkehrsmittel|waggon
🚌	bus	bus|fahrzeug|schulbus
🚍	oncoming_bus	bus von vorne|bus|verkehrsmittel|vorderansicht bus
🚎	trolleybus	oberleitungsbus|straßenbahn|trolleybus
🚐	minibus	kleinbus|bus|fahrzeug
🚑	ambulance	krankenwagen|ambulanz|notfall
🚒	fire_engine	feuerwehrauto|brand|löschfahrzeug
🚓	police_car	polizeiwagen|polizei|streifenwagen
🚔	oncoming_police_car	polizeiwagen von vorne|polizei|streifenwagen|vorderansicht polizeiwagen
🚕	taxi	taxi|auto|fahrzeug
🚖	oncoming_taxi	taxi von vorne|auto|fahren|gelb|taxi|vorderansicht taxi
🚗	car red_car	auto|fahren|fahrzeug|rot|verkehr
🚘	oncoming_automobile	auto von vorne|auto|automobil|fahrzeug|rot|vorderansicht auto
🚙	blue_car	wohnmobil|auto|blau|fahren|verreisen
🛻	pickup_truck	pick-up|pick up|auto|fahren|fahrzeug|laster|lastwagen|lieferwagen|lkw|transport
🚚	truck	lieferwagen|lastwagen|lkw
🚛	articulated_lorry	sattelzug|lastwagen|lkw|umziehen|ziehen um
🚜	tractor	traktor|bauernhof|landwirtschaft|trecker
🏎	racing_car	rennauto|autorennen
🏍	motorcycle	motorrad|moped|motorrennen
🛵	motor_scooter	motorroller|motoroller|roller|vespa
🦽	manual_wheelchair	manueller rollstuhl|barrierefreiheit|behinderung|rollstuhl
🦼	motorized_wheelchair	elektrischer rollstuhl|barrierefreiheit|behinderung|rollstuhl
🛺	auto_rickshaw	autorikscha|fahrzeug|tuk-tuk
🚲	bike	fahrrad|bmx|rad|radeln|radler|spinning
🛴	kick_scooter	tretroller|roller
🛹	skateboard	skateboard|board|brett|räder|skateboard fahren|skaten|skater
🛼	roller_skate	rollschuh|rollen|rollerskate|rollschuh laufen|schuh|sport
🚏	busstop	bushaltestelle|bus|haltestelle
🛣	motorway	autobahn|schnellstraße
🛤	railway_track	bahngleis|bahn|gleise|schienen
🛢	oil_drum	ölfass|olfass|fass|öl
⛽️	fuelpump	tanksäule|tanksaule|benzin|tanke|tanken|tankstelle
🛞	wheel	autorad|autoreifen|drehen|rad|reifen|reifen mit felgen|rotieren
🚨	rotating_light	polizeilicht|polizei|sirene
🚥	traffic_light	horizontale verkehrsampel|ampel|verkehrsampel|vertikal
🚦	vertical_traffic_light	vertikale verkehrsampel|ampel|horizontal|verkehrsampel
🛑	stop_sign	stoppschild|achteckig|schild|stopp
🚧	construction	baustellenabsperrung|baustelle|baustellenschild|schild
⚓️	anchor	anker|hafen|meer
🛟	ring_buoy	rettungsring|leben retten|lebensretter|retten|rettung|schwimmring|sicherheit
⛵️	boat sailboat	segelboot|boot
🛶	canoe	kanu|boot|wassersport
🚤	speedboat	schnellboot|boot|luxus|see|sommer|wasser|yacht
🛳	passenger_ship	passagierschiff|aida|rundreise|schiff|seereise|traumschiff
⛴️	ferry	fähre|fahre|schiff
🛥	motor_boat	motorboot|boot|schiff
🚢	ship	schiff|dampfer|kreuzfahrtschiff|traumschiff
✈️	airplane	flugzeug|flieger
🛩	small_airplane	kleines flugzeug|flugzeug|klein|privatjet
🛫	flight_departure	abflug|fliegen|flughafen|flugzeug|start|start eines flugzeugs
🛬	flight_arrival	landung eines flugzeugs|ankunft|flieger|flughafen|flugzeug|landen|landung
🪂	parachute	fallschirm|fallschirmspringen|paragliding|skydiving|sport
💺	seat	sitzplatz|bus|flugzeug|sitz|zug
🚁	helicopter	hubschrauber|fliegen|helikopter|reisen
🚟	suspension_railway	schwebebahn|hängebahn
🚠	mountain_cableway	bergschwebebahn|schwebebahn
🚡	aerial_tramway	bergseilbahn|gondel|seilbahn
🛰	artificial_satellite	satellit|sputnik|weltraum
🚀	rocket	rakete|all|weltraum
🛸	flying_saucer	fliegende untertasse|alien|außerirdisch|ufo
🛎	bellhop_bell	rezeptionsklingel|klingel
🧳	luggage	gepäck|gepack|ballast|hartschalenkoffer|koffer|reise|trolley-tasche
⌛️	hourglass	sanduhr|prozess|vorgang läuft|zeit
⏳️	hourglass_flowing_sand	laufende sanduhr|prozess|sanduhr|vorgang läuft
⌚️	watch	armbanduhr|uhr|zeit
⏰️	alarm_clock	wecker|uhr|uhrzeit|zeit
⏱️	stopwatch	stoppuhr|uhr|zeit
⏲️	timer_clock	zeitschaltuhr|timer|uhr
🕰	mantelpiece_clock	kaminuhr|tick tack|uhr
🕛	clock12	ziffernblatt 12:00 uhr|ziffernblatt 1200 uhr|0 uhr|12|12:00 uhr|mittag|mitternacht|uhr|ziffernblatt 12.00 uhr|zwölf uhr
🕧	clock1230	12:30 uhr|1230 uhr|00:30|12:30|halb eins|uhr|zeit|ziffernblatt 12.30 uhr|ziffernblatt 12:30 uhr
🕐	clock1	1:00 uhr|100 uhr|01:00|1|13:00|punkt eins|uhr|zeit|ziffernblatt 1.00 uhr|ziffernblatt 1:00 uhr
🕜	clock130	1:30 uhr|130 uhr|1 uhr 30|halb zwei|uhr|ziffernblatt 1.30 uhr|ziffernblatt 1:30 uhr
🕑	clock2	2:00 uhr|200 uhr|2|uhr|zeit|ziffernblatt 2.00 uhr|ziffernblatt 2:00 uhr
🕝	clock230	2:30 uhr|230 uhr|halb drei|uhr|zeit|ziffernblatt 2.30 uhr|ziffernblatt 2:30 uhr
🕒	clock3	3:00 uhr|300 uhr|3|uhr|zeit|ziffernblatt 3.00 uhr|ziffernblatt 3:00 uhr
🕞	clock330	3:30 uhr|330 uhr|halb vier|uhr|ziffernblatt 3.30 uhr|ziffernblatt 3:30 uhr
🕓	clock4	4:00 uhr|400 uhr|4|uhr|zeit|ziffernblatt 4.00 uhr|ziffernblatt 4:00 uhr
🕟	clock430	4:30 uhr|430 uhr|04:30|16:30|halb fünf|uhr|zeit|ziffernblatt 4.30 uhr|ziffernblatt 4:30 uhr
🕔	clock5	5:00 uhr|500 uhr|05:00|17:00|5|punkt fünf|uhr|zeit|ziffernblatt 5.00 uhr|ziffernblatt 5:00 uhr
🕠	clock530	5:30 uhr|530 uhr|05:30|17:30|halb sechs|uhr|ziffernblatt 5.30 uhr|ziffernblatt 5:30 uhr
🕕	clock6	6:00 uhr|600 uhr|6|uhr|zeit|ziffernblatt 6.00 uhr|ziffernblatt 6:00 uhr
🕡	clock630	6:30 uhr|630 uhr|halb sieben|uhr|ziffernblatt 6.30 uhr
🕖	clock7	7:00 uhr|700 uhr|7|uhr|ziffernblatt 7.00 uhr|ziffernblatt 7:00 uhr
🕢	clock730	7:30 uhr|730 uhr|halb acht|uhr|zeit|ziffernblatt 7.30 uhr|ziffernblatt 7:30 uhr
🕗	clock8	8:00 uhr|800 uhr|8|uhr|um 8|zeit|ziffernblatt 8.00 uhr|ziffernblatt 8:00 uhr
🕣	clock830	8:30 uhr|830 uhr|halb neun|uhr|ziffernblatt 8.30 uhr|ziffernblatt 8:30 uhr
🕘	clock9	9:00 uhr|900 uhr|9|uhr|zeit|ziffernblatt 9.00 uhr|ziffernblatt 9:00 uhr
🕤	clock930	9:30 uhr|930 uhr|halb zehn|uhr|zeit|ziffernblatt 9.30 uhr|ziffernblatt 9:30 uhr
🕙	clock10	10:00 uhr|1000 uhr|10|uhr|zeit|ziffernblatt 10.00 uhr|ziffernblatt 10:00 uhr
🕥	clock1030	10:30 uhr|1030 uhr|halb elf|uhr|ziffernblatt 10.30 uhr|ziffernblatt 10:30 uhr
🕚	clock11	11:00 uhr|1100 uhr|11|uhr|zeit|ziffernblatt 11.00 uhr|ziffernblatt 11:00 uhr
🕦	clock1130	11:30 uhr|1130 uhr|halb zwölf|uhr|zeit|ziffernblatt 11.30 uhr|ziffernblatt 11:30 uhr
🌑	new_moon	neumond|mond
🌒	waxing_crescent_moon	erstes mondviertel|mond|zunehmend
🌓	first_quarter_moon	zunehmender halbmond|halbmond|mond|zunehmend
🌔	moon waxing_gibbous_moon	zweites mondviertel|mond|zunehmend
🌕	full_moon	vollmond|mond
🌖	waning_gibbous_moon	drittes mondviertel|abnehmend|mond
🌗	last_quarter_moon	abnehmender halbmond|abnehmend|halbmond
🌘	waning_crescent_moon	letztes mondviertel|abnehmend|mond|nacht
🌙	crescent_moon	mondsichel|mond|nacht
🌚	new_moon_with_face	neumond mit gesicht|gesicht|mond|mondgesicht|neumond
🌛	first_quarter_moon_with_face	mondsichel mit gesicht links|gesicht|mond|mondsichel|weltall
🌜	last_quarter_moon_with_face	mondsichel mit gesicht rechts|gesicht|mondsichel|nacht
🌡	thermometer	thermometer|temperatur|wetter
☀️	sunny	sonne|sonnenstrahlen|sonnig|strahlen|wetter
🌝	full_moon_with_face	vollmond mit gesicht|gesicht|vollmond
🌞	sun_with_face	sonne mit gesicht|gesicht|sonne|sonnengesicht|sonnenschein
🪐	ringed_planet	ringplanet|gasplanet|himmelskörper|planet|saturn
⭐️	star	weißer mittelgroßer stern|weisser mittelgrosser stern|astronomie|gelber stern|himmel|stern
🌟	star2	funkelnder stern|funkeln|glitzern|stern
🌠	stars	sternschnuppe|himmel
🌌	milky_way	milchstraße|milchstrasse|galaxie|universum
☁️	cloud	wolke|wetter|wolkig
⛅️	partly_sunny	sonne hinter wolke|sonne|wolke|wolkig
⛈️	cloud_with_lightning_and_rain	wolke mit blitz und regen|blitz|gewitter|regen|wetter|wolke|wolkig
🌤	sun_behind_small_cloud	sonne hinter kleiner wolke|bewölkt|kleine wolke|sonne|wetter|wolke
🌥	sun_behind_large_cloud	sonne hinter großer wolke|sonne hinter grosser wolke|bewölkt|große wolke|sonne|wetter|wolke
🌦	sun_behind_rain_cloud	sonne hinter regenwolke|regenwolke|sonne|wetter
🌧	cloud_with_rain	wolke mit regen|regen|regenwolke|wetter|wolke
🌨	cloud_with_snow	wolke mit schnee|kalt|schnee|wetter|wolke
🌩	cloud_with_lightning	wolke mit blitz|blitz|gewitter|wetter|wolke
🌪	tornado	wirbelsturm|tornado|wetter
🌫	fog	nebel|neblig|wetter
🌬	wind_face	wind|wetter|windig
🌀	cyclone	wirbel|spirale|wirbelsturm
🌈	rainbow	regenbogen|wetter
🌂	closed_umbrella	geschlossener regenschirm|regen|regenschirm
☂️	open_umbrella	regenschirm|bekleidung|regen|wetter
☔️	umbrella	regenschirm im regen|regen|regenschirm
⛱️	parasol_on_ground	aufgestellter sonnenschirm|aufgestellt|sonnenschirm|strand
⚡️	zap	hochspannung|blitz|elektrizität|gefahr|gewitter|hochspannungszeichen|strom
❄️	snowflake	schneeflocke|flocke|kalt|schnee|schneien|wetter|winter
☃️	snowman_with_snow	schneemann im schnee|schnee|schneemann
⛄️	snowman	schneemann ohne schneeflocken|kalt|schnee|schneemann|winter
☄️	comet	komet|weltall
🔥	fire	feuer|brennen|flamme|heiß
💧	droplet	tropfen|schweiß|träne|wasser|wassertropfen
🌊	ocean	welle|meer
🎃	jack_o_lantern	halloweenkürbis|halloweenkurbis|halloween|herbst|kürbis|kürbislaterne
🎄	christmas_tree	weihnachtsbaum|baum|tanne|weihnachten
🎆	fireworks	feuerwerk|silvester
🎇	sparkler	wunderkerze|feiern|feuerwerk|party
🧨	firecracker	feuerwerkskörper|feuerwerkskorper|dynamit|explosion|explosiv|feuer|feuerwerk|funken|knall|knallen|knaller|kracher|silvester|sprengen|sprengstoff|zündstoff
✨️	sparkles	funkelnde sterne|*|funkel|funkeln|sterne
🎈	balloon	luftballon|ballon|feier|geburtstag
🎉	tada	konfettibombe|böller|feier|juhu|knaller|konfetti|party|super|yay
🎊	confetti_ball	konfettiball|feier|konfetti|party
🎋	tanabata_tree	tanabata-baum|tanabata baum|baum|fest|japan|sternenfest|zettel
🎍	bamboo	piniendekoration|japan|neujahrsfest
🎎	dolls	japanische puppen|puppenfest japan
🎏	flags	traditionelle japanische windsäcke|traditionelle japanische windsacke|feier|karpfen|windsäcke
🎐	wind_chime	japanisches windspiel|bimmel|feier|glocke|wind
🎑	rice_scene	traditionelles mondfest|japan|mond|mondfest
🧧	red_envelope	roter umschlag|geld|geschenk|glück|hong bao|hongbao
🎀	ribbon	pinke schleife|feier|geschenk|pink|rosa|schleife
🎁	gift	geschenk|feier|geburtstag|schachtel|schleife|verpackt|weihnachten|überraschung
🎗	reminder_ribbon	gedenkschleife|schleife
🎟	tickets	eintrittskarten|billet|eintrittskarte|ticket
🎫	ticket	ticket|konzert|unterhaltung
🎖	medal_military	militärorden|militarorden|orden
🏆	trophy	pokal|bundesliga|champion|gewinnen|preis|sieger|sport|trophäe
🏅	medal_sports	sportmedaille|gewinn|goldmedaille|medaille
🥇	1st_place_medal	goldmedaille|erster|gewinn|medaille 1. platz
🥈	2nd_place_medal	silbermedaille|medaille 2. platz|zweiter
🥉	3rd_place_medal	bronzemedaille|dritter|medaille 3. platz
⚽️	soccer	fußball|fussball|ball|bundesliga|messi
⚾️	baseball	baseball|ball
🥎	softball	softball|ball|baseball|handschuh|sport|unterarm|werfen
🏀	basketball	basketball|ball|korb|sport
🏐	volleyball	volleyball|ball|sport
🏈	football	football|american football|amerika|ball|sport|super bowl
🏉	rugby_football	rugbyball|ball|rugby|sport
🎾	tennis	tennisball|ball|sport|tennis
🥏	flying_disc	frisbee|disc|disk|fliegende untertasse|scheibe|ultimate
🎳	bowling	bowling|bowlingkugel|kugel|spiel
🏏	cricket_game	kricket|ball|cricket|schläger
🏑	field_hockey	feldhockey|hockey|schläger
🏒	ice_hockey	eishockey|eishockey-schläger und puck|hockey|puck|schläger
🥍	lacrosse	lacrosse|ball|schläger|sport|stick|stock|tor
🏓	ping_pong	tischtennis|ball|ping pong|schläger|spiel|sport
🏸	badminton	badminton|federball|schläger
🥊	boxing_glove	boxhandschuh|boxen|handschuh|sport
🥋	martial_arts_uniform	kampfsportanzug|judo|kampfkunst|kampfsport|karate|taekwondo
🥅	goal_net	tor|fußball|netz|sport
⛳️	golf	golffahne|golfplatz
⛸️	ice_skate	schlittschuh|eislauf
🎣	fishing_pole_and_fish	angel mit fisch|angeln|entspannung
🤿	diving_mask	tauchmaske|schnorcheln|schwimmen|sport|sporttauchen|tauchen
🎽	running_shirt_with_sash	laufshirt|laufen|laufshirt mit schärpe|schärpe|sport
🎿	ski	ski|ski und stöcke
🛷	sled	schlitten|rodel|rodeln|schnee
🥌	curling_stone	curlingstein|spiel|sport|stein
🎯	dart	darts|dart|pfeil|spiel|volltreffer|zielscheibe
🪀	yo_yo	jo-jo|jo jo|spielzeug|yo-yo
🪁	kite	drachen|fliegen|hochfliegen|steigen|wind
🔫	gun	wasserpistole|pistole|revolver|waffe
🎱	8ball	billardkugel|8-ball|billard|kugel|schwarz|spiel
🔮	crystal_ball	kristallkugel|wahrsager|zukunft
🪄	magic_wand	zauberstab|abrakadabra|hexe|hexer|magie|magisch|wunder|zauberei|zauberer|zauberin|zaubern
🎮	video_game	gamepad|gaming|unterhaltung|videospiel
🕹	joystick	joystick|gaming|videospiel
🎰	slot_machine	spielautomat|glücksspiel|spiel
🎲	game_die	spielwürfel|spielwurfel|casino|spiel|unterhaltung|würfel|würfeln|zufall
🧩	jigsaw	puzzleteil|bestandteile|hinweise|hobby|passen|puzzeln|puzzle|puzzlestück|puzzleteile|spiel|teile|zusammenpassen|zusammensetzen
🧸	teddy_bear	teddybär|teddybar|bär|kuscheltier|plüschteddy|plüschtier|spielwaren|spielzeug|stoffbär|stofftier|teddy
🪅	pinata	piñata|pinata|feier|hau drauf|mexikanisch|mexiko|objekt|party|pinada|süß|süßigkeiten
🪩	mirror_ball	discokugel|disco|lichtreflexe|party|spiegel|spiegelkugel|tanz|tanzen
🪆	nesting_dolls	matroschka|babuschka|matrioschka|matrjoschka|puppe|russland|spielzeug
♠️	spades	pik|karten|kartenspiel
♥️	hearts	herz|kartenspiel
♦️	diamonds	karo|kartenspiel
♣️	clubs	kreuz|kartenspiel
♟️	chess_pawn	bauer schach|schach
🃏	black_joker	jokerkarte|joker|spielkarte
🀄️	mahjong	mahjong-stein|mahjong stein|mahjong|roter drache|spiel
🎴	flower_playing_cards	japanische blumenkarte|blume|blumenkarte|hanafuda|japan|karte
🎭	performing_arts	masken|kunst|theater|unterhaltung
🖼	framed_picture	gerahmtes bild|bild|gemälde|kunst|malen|rahmen|zeichnen|zeichnung
🎨	art	mischpalette|farben|kunst|künstler|palette
🧵	thread	faden|nadel|nähen|nähfaden|nähgarn|rolle|spule|zwirn
🪡	sewing_needle	nähnadel|nahnadel|einfädeln|faden|nadel|nadel und faden|nähen|nähte|schneidern|stiche|sticken
🧶	yarn	wollknäuel|wollknauel|ball|garn|häkeln|spinnen|stricken|wolle|zwirn
🪢	knot	knoten|achterknoten|binden|schnur|schnürsenkel|seemansknoten|segelboot|segeln|seil|verknoten|zusammendrehen
👓	eyeglasses	brille|accessoire
🕶	dark_sunglasses	sonnenbrille|augen|brille|dunkel
🥽	goggles	schutzbrille|augenschutz|brille|schweißen|schweißerbrille|schwimmen|tauchen|taucherbrille
🥼	lab_coat	laborkittel|arzt|arztkittel|doc|doktor|experiment|kleidung|kleidungsstück|labormantel|weiße jacke|weißer mantel|wissenschaftler
🦺	safety_vest	sicherheitsweste|kleidung|notfall|sicherheit|weste
👔	necktie	hemd mit krawatte|hemd|kleidung|kragen|schlips
👕	shirt tshirt	t-shirt|t shirt|kleidung|shirt
👖	jeans	jeans|hose|kleidung
🧣	scarf	schal|hals|kalt|kleidung|warm anziehen
🧤	gloves	handschuhe|hand|handschuh
🧥	coat	mantel|brr|jacke|kalt|kleidung|warm anziehen
🧦	socks	socken|strumpf|strümpfe
👗	dress	kleid|kleidung
👘	kimono	kimono|japanisch|kleid|kleidung
🥻	sari	sari|kleid|kleidung
🩱	one_piece_swimsuit	einteiliger badeanzug|badeanzug|kleidung
🩲	swim_brief	slip|badeanzug|einteiler|kleidung|unterwäsche
🩳	shorts	shorts|badebekleidung|badehose|boxershorts|kleidung|schwimmshorts
👙	bikini	bikini|badeanzug|kleidung
👚	womans_clothes	bluse|damenmode|kleidung|oberbekleidung|shirt
🪭	folding_hand_fan	faltfächer|faltfacher|abkühlung|flirten|fächer|heiß|kühlen|luft zufächeln|schüchtern|spanisch|tanz|warm
👛	purse	geldbörse|geldborse|accessoire|brieftasche|münzen|portemonnaie
👜	handbag	handtasche|accessoire|einkaufen|tasche
👝	pouch	clutch|accessoire|beutel|handtasche|kulturbeutel|tasche|waschtasche
🛍	shopping	einkaufstüten|einkaufstuten|einkaufen|shoppen|shopping|tasche|tüte
🎒	school_satchel	schulranzen|ranzen|rucksack|schule|tornister
🩴	thong_sandal	zehensandale|badelatschen|flipflops|latschen|sandalen|schuh|strandschuh|zehensandalen
👞	mans_shoe shoe	herrenschuh|gehen|herren|schuh
👟	athletic_shoe	sportschuh|laufen|rennen|schuh|sneaker|sportlich|turnschuh
🥾	hiking_boot	wanderstiefel|brauner schuh|campen|camping|kleidungsstück|outdoor|rucksacktour|schuh|stiefel|wandern|wanderung
🥿	flat_shoe	flacher schuh|ballerina|ballet-pumps|bequem|frauenschuh|kleidungsstück|schuh|slipper
👠	high_heel	stöckelschuh|stockelschuh|absatz|absatzschuh|damen|elegant|high heel|highheels|pumps|rot|schuh|vornehm
👡	sandal	damensandale|damen|sandale|schuh
🩰	ballet_shoes	ballettschuhe|ballett|kleidung|schuhe|tanz
👢	boot	damenstiefel|damen|schuh|stiefel
🪮	hair_pick	haarkamm|afro|afro pick|haare|kamm|kämmen
👑	crown	krone|kopfbedeckung|könig|königin|majestät
👒	womans_hat	damenhut|damenhut mit schleife|hut|kleidung|kopfbedeckung|schleife
🎩	tophat	zylinder|hut|kopfbedeckung|unterhaltung|zauberer|zylinderhut
🎓	mortar_board	doktorhut|abschlussfeier|diplom
🧢	billed_cap	baseballmütze|baseballmutze|baseball|baseball-kappe|baseball-mütze|baseballkappe|mütze|schirmkappe
🪖	military_helmet	militärhelm|militarhelm|armee|heer|helm|krieg|kämpfer|kämpferin|militär|schutzhelm|soldat|soldatin
⛑️	rescue_worker_helmet	rettungshelm|bergen|erste hilfe|helm|helm mit weißem kreuz|hilfe|kreuz|retten|roter helm|sanitäter
📿	prayer_beads	gebetskette|beten|gebet|kette|religion|rosenkranz
💄	lipstick	lippenstift|kosmetik|make-up|makeup|rot|schminke
💍	ring	ring|diamantring|edelstein|schmuck|verlobung
💎	gem	edelstein|diamant
🔇	mute	durchgestrichener lautsprecher|leise|psst|stumm|stummgeschaltet
🔈	speaker	lautsprecher mit geringer lautstärke|lautsprecher mit geringer lautstarke|eingeschaltet|ton an
🔉	sound	lautsprecher mit mittlerer lautstärke|lautsprecher mit mittlerer lautstarke|lautsprecher mit einer schallwelle|leise|mittellaut|ton
🔊	loud_sound	lautsprecher mit hoher lautstärke|lautsprecher mit hoher lautstarke|dezibel|laut|lautsprecher mit drei schallwellen|musik|schallwellen
📢	loudspeaker	lautsprecher|megafon|schallendes megafon
📣	mega	megafon|jubel|lautsprecher
📯	postal_horn	posthorn|brief|e-mail|post
🔔	bell	glocke|ding dong|klingeling|ton eingeschaltet
🔕	no_bell	durchgestrichene glocke|glocke|kein ton|leise|ton ausgeschaltet
🎼	musical_score	notenschlüssel|notenschlussel|musik|noten|partitur|violinschlüssel
🎵	musical_note	musiknote|lied|melodie|musik|note
🎶	notes	musiknoten|musik|noten
🎙	studio_microphone	studiomikrofon|mikrofon
🎚	level_slider	schieberegler|musik
🎛	control_knobs	drehregler|bedienknöpfe|knöpfe|stellknöpfe
🎤	microphone	mikrofon|karaoke|singen|unterhaltung
🎧	headphones	kopfhörer|kopfhorer|musik|unterhaltung
📻	radio	radio|musik
🎷	saxophone	saxofon|instrument|musik|musikinstrument
🎺	trumpet	trompete|instrument|musik|musikinstrument
🪗	accordion	akkordeon|akkordeons|concertina|harmonika|instrument|musik|musikinstrument|quetschkommode|quetschkommoden|schifferklavier|spielen|ziehharmonika|ziehharmonikas
🎸	guitar	gitarre|instrument|musik|musikinstrument
🎹	musical_keyboard	klaviatur|instrument|klavier|musik|musikinstrument|piano|tastatur|tasten
🎻	violin	geige|instrument|musik|musikinstrument|violine
🪕	banjo	banjo|instrument|musik|saiteninstrument|zupfinstrument
🥁	drum	trommel|drumsticks|instrument|musik|schlägel|sticks|trommelstöcke
🪘	long_drum	afrikanische trommel|conga|handtrommel|instrument|musikinstrument|rhythmus|trommel|trommeln
🪇	maracas	maracas|cha-cha-cha|instrument|musik|musikinstrument|musizieren|party|percussion|rassel|rasseln|tanz|tanzen
🪈	flute	flöte|flote|band|blaskapelle|holzblasinstrument|instrument|musik|musikinstrument|musizieren|orchester|spielmannszug
📱	iphone	mobiltelefon|handy|iphone|smartphone|telefonieren
📲	calling	mobiltelefon mit pfeil|anruf|anrufen|handy|iphone|kommunikation|mobiltelefon|pfeil|whatsapp
☎️	phone telephone	telefon|anruf|anrufen|festnetz
📞	telephone_receiver	telefonhörer|telefonhorer|anrufen|hörer|kommunikation|telefon
📟	pager	pager|kommunikation|piepser
📠	fax	faxgerät|faxgerat|fax|kommunikation
🔋	battery	batterie|akku
🪫	low_battery	schwache batterie|akku|akku fast leer|akku leer|aufladen|batterie|batterie fast leer|batterie leer|elektronik|ladestand|niedriger akkustand|schwacher akku
🔌	electric_plug	netzstecker|stecker|stromstecker
💻	computer	laptop|bildschirm|computer|computermonitor|monitor|notebook|pc
🖥	desktop_computer	desktopcomputer|bildschirm|computer|desktop|imac|monitor
🖨	printer	drucker|computer
⌨️	keyboard	tastatur|computer|keyboard
🖱	computer_mouse	computermaus|computer|maus
🖲	trackball	trackball|computer
💽	minidisc	minidisc|md|minidisk
💾	floppy_disk	diskette|datenträger
💿	cd	cd|blu-ray|dvd
📀	dvd	dvd|blu-ray|cd|computer
🧮	abacus	abakus|abaki|abakusse|berechnung|kalkulation|mathe|mathematik|rechenhilfe|rechenrahmen|rechenschieber|rechnen|zählen|zählrahmen
🎥	movie_camera	filmkamera|film|kino|unterhaltung
🎞	film_strip	filmstreifen|film|filmband|kino
📽	film_projector	filmprojektor|kino|unterhaltung
🎬	clapper	filmklappe|film|klappe|unterhaltung
📺	tv	fernseher|fernsehen|film|tv
📷	camera	fotoapparat|fotos|kamera
📸	camera_flash	fotoapparat mit blitz|blitz|fotoapparat
📹	video_camera	videokamera|filmen|videos
📼	vhs	videokassette|vhs|video
🔍	mag	lupe nach links|suche|vergrößerungsglas
🔎	mag_right	lupe nach rechts|lupe|suche|vergrößerungsglas
🕯	candle	kerze|licht
💡	bulb	glühbirne|gluhbirne|hell|idee|lampe|licht
🔦	flashlight	taschenlampe|lampe|licht
🏮	izakaya_lantern lantern	rote papierlaterne|izakaya|japanische laterne|japanisches lokal
🪔	diya_lamp	öllampe|ollampe|diya|lampe|öl
📔	notebook_with_decorative_cover	notizbuch mit dekorativem einband|einband|notizbuch
📕	closed_book	geschlossenes buch|buch|geschlossen
📖	book open_book	offenes buch|bibliothek|blättern|buch|geöffnet|lernen|lesen|offen|seite
📗	green_book	grünes buch|grunes buch|buch|grün|lesen
📘	blue_book	blaues buch|blau|buch
📙	orange_book	orangefarbenes buch|buch|orangefarben
📚	books	bücherstapel|bucherstapel|bücher|fantasie|lesen|roman
📓	notebook	notizbuch|notizen
📒	ledger	spiralblock|notizblock
📃	page_with_curl	teilweise eingerolltes blatt|dokument|papier|seite
📜	scroll	schriftrolle|papier
📄	page_facing_up	vorderseite eines blattes|dokument|papier|seite
📰	newspaper	zeitung|medien|nachrichten|presse
🗞	newspaper_roll	zusammengerollte zeitung|zeitung|zusammengerollt
📑	bookmark_tabs	pagemarker|notizen
🔖	bookmark	lesezeichen|etikett|lesen
🏷	label	etikett|label|marke
🪙	coin	münze|munze|bezahlen|dollar|euro|geld|gold|goldesel|metall|reich|schatz|silber|sparen
💰	moneybag	geldsack|geld|moneten|reich|sack
💴	yen	yen-banknote|yen banknote|geld|geldschein|yen
💵	dollar	dollar-banknote|dollar banknote|dollar|geld|geldschein|währung
💶	euro	euro-banknote|euro banknote|euro|euroschein|geld|geldschein
💷	pound	pfund-banknote|pfund banknote|geld|geldschein|pfund
💸	money_with_wings	geldschein mit flügeln|geldschein mit flugeln|bank|euro|geld|knete|moneten
💳	credit_card	kreditkarte|bankkarte|ec-karte|geldkarte|guthaben|karte
🧾	receipt	beleg|abrechnung|aufstellung|blatt|buchhalter|buchhaltung|quittung|rechnung|rechnungswesen|schriftstück
💹	chart	steigende kurve mit yen-zeichen|steigende kurve mit yen zeichen|diagramm|markt|steigender trend mit yen-zeichen
✉️	envelope	briefumschlag|brief|e-mail
📧	e-mail email	e-mail|email|brief|e-mail-symbol|post
📨	incoming_envelope	eingehender briefumschlag|e-mail|empfangen|umschlag
📩	envelope_with_arrow	umschlag mit pfeil|e-mail|gesendet
📤	outbox_tray	postausgang|ablage|e-mail
📥	inbox_tray	posteingang|ablage|e-mail
📦	package	paket|päckchen
📫	mailbox	geschlossener briefkasten mit post|briefkasten|e-mail|geschlossen|post
📪	mailbox_closed	geschlossener briefkasten ohne post|briefkasten|geschlossen|keine e-mail|keine post|post
📬	mailbox_with_mail	offener briefkasten mit post|briefkasten|e-mail|offen|post
📭	mailbox_with_no_mail	offener briefkasten ohne post|briefkasten|keine e-mail|keine post|offen|post
📮	postbox	briefkasten|brief|post
🗳	ballot_box	urne mit wahlzettel|urne|wahlen|wahlzettel
✏️	pencil2	bleistift|stift
✒️	black_nib	schwarzer federhalter|federhalter|füller|schwarz|stift
🖋	fountain_pen	füllhalter|fullhalter|füller|füllfedehalter|füllfederhalter|schreiben|stift
🖊	pen	kugelschreiber|stift
🖌	paintbrush	pinsel|kunst|malen
🖍	crayon	wachsmalstift|buntstift|filzstift
📝	memo pencil	papier und bleistift|bleistift|kurzmitteilung|nachricht|notiz|papier|schreibblock|schreiben
💼	briefcase	aktentasche|tasche
📁	file_folder	ordner|akten|büro|dokument|geschlossen
📂	open_file_folder	geöffneter ordner|geoffneter ordner|dokument|offen|ordner
🗂	card_index_dividers	karteireiter|akten|büro|büroausstattung|büromaterial|karteibahnen|karteikarten
📅	date	kalender|datum|kalenderblatt
📆	calendar	abreißkalender|abreisskalender|datum|kalender|termin
🗒	spiral_notepad	notizblock|block|notiz|papier
🗓	spiral_calendar	spiralkalender|kalender
📇	card_index	rotationskartei|visitenkarten
📈	chart_with_upwards_trend	aufwärtstrend|aufwartstrend|diagramm|kurve|steigend
📉	chart_with_downwards_trend	abwärtstrend|abwartstrend|diagramm|fallend|kurve
📊	bar_chart	balkendiagramm|balken|diagramm
📋	clipboard	klemmbrett|clipboard|clpboard|zwischenablage
📌	pushpin	reißzwecke|reisszwecke|anpinnen
📍	round_pushpin	stecknadel|anpinnen|reißzwecke|rund|runde reißzwecke
📎	paperclip	büroklammer|buroklammer
🖇	paperclips	verhakte büroklammern|verhakte buroklammern|büroklammer|büroklammern|verhakt
📏	straight_ruler	lineal
📐	triangular_ruler	dreieckiges lineal|geodreieck|lineal
✂️	scissors	schere|schneiden|schnipp
🗃	card_file_box	karteikasten|büroausstattung|büromaterial
🗄	file_cabinet	aktenschrank|ablage|archiv|schublade
🗑	wastebasket	papierkorb|abfalleimer
🔒	lock	geschlossenes schloss|datenschutz|geschlossen|schloss|sicherheit
🔓	unlock	offenes schloss|nicht gesichert|offen|schloss
🔏	lock_with_ink_pen	schloss mit füller|schloss mit fuller|datenschutz|privat|sicherheit
🔐	closed_lock_with_key	schloss mit schlüssel|schloss mit schlussel|datenschutz|privat|sicherheit
🔑	key	schlüssel|schlussel|passwort|schließen
🗝	old_key	alter schlüssel|alter schlussel|alt|schloss|schlüssel
🔨	hammer	hammer|werkzeug
🪓	axe	axt|beil|hacken|holz|spalten|werkzeug
⛏️	pick	pickel|werkzeug
⚒️	hammer_and_pick	hammer und pickel|arbeiter|hammer|pickel|werkzeug
🛠	hammer_and_wrench	hammer und schraubenschlüssel|hammer und schraubenschlussel|hammer|schraubenschlüssel|werkzeug
🗡	dagger	dolch|schwert|waffe
⚔️	crossed_swords	gekreuzte schwerter|gekreuzt|schwerter|waffe
💣	bomb	bombe|comic|dynamit|explodieren
🪃	boomerang	bumerang|aborigines|australien|boomerang|schleuder|waffe|werfen
🏹	bow_and_arrow	pfeil und bogen|bogen|pfeil
🛡	shield	schutzschild|schild
🪚	carpentry_saw	handsäge|handsage|holz|säge|sägen|tischler|trimmen|werkzeug
🔧	wrench	schraubenschlüssel|schraubenschlussel|werkzeug
🪛	screwdriver	schraubenzieher|schraube|schrauben|schraubendreher|werkzeug
🔩	nut_and_bolt	mutter und schraube|schraube
⚙️	gear	zahnrad|werkzeug
🗜	clamp	schraubzwinge|werkzeug
⚖️	balance_scale	waage|gerechtigkeit|gewicht|werkzeug|wiegen
🦯	probing_cane	blindenstock|barrierefreiheit|behinderung|blind|gehstock
🔗	link	linksymbol|kettenglieder|verknüpfen|verknüpfung|verknüpfungssymbol|zwei ringe
⛓️	chains	ketten|eisen|kette
🪝	hook	haken|angelhaken|aufhaken|aufhängen|einhaken|hängen|metallhaken
🧰	toolbox	werkzeugkasten|box|handkasten|kasten|kiste|mechaniker|rote kiste|werkzeug|werkzeugkiste|werkzeugkoffer
🧲	magnet	magnet|anziehung|anziehungskraft|hufeisen|magnetisch|pole|positiv negativ|u-form
🪜	ladder	leiter|hochsteigen|holzleiter|klettern|sprosse|stufe
⚗️	alembic	destillierapparat|werkzeug
🧪	test_tube	reagenzglas|chemie|chemikalie|chemiker|experiment|labor|substanz|versuche|wissenschaft
🧫	petri_dish	petrischale|bakterien|bakterienkultur|biologe|biologie|biologin|kultur|labor|pipette|probe
🧬	dna	dna|biologe|biologie|biologin|dns|evolution|gen|genetik|genmanipulation|leben
🔬	microscope	mikroskop|labor|untersuchen|wissenschaft
🔭	telescope	teleskop|himmel
📡	satellite	satellitenschüssel|satellitenschussel|antenne|sat-schüssel|satschüssel|schüssel
💉	syringe	spritze|arzt|impfen|impfung|injektion|kanüle|nadel
🩸	drop_of_blood	blutstropfen|blutspende|flüssigkeit|medizin|menstruation
💊	pill	kapsel|arznei|arzt|medizin|pille|tabletten
🩹	adhesive_bandage	heftpflaster|pflaster|verletzt|wunde
🩼	crutch	krücke|krucke|behinderung|beinverletzung|fußverletzung|gehhilfe|gehstütze|hilfe|schmerzen|stock|verletzt|verletzung
🩺	stethoscope	stethoskop|abhören|arzt|doktor|herz|herzschlag|medizin|untersuchung
🩻	x_ray	röntgenbild|rontgenbild|durchleuchten|knochen|medizin|radiologie|rippen|röntgen|röntgenstrahlen|skelett
🚪	door	tür|tur|eingang|geschlossen
🛗	elevator	fahrstuhl|aufzug|haus|lift|symbol|transport
🪞	mirror	spiegel|holzspiegel|reflexion|spiegelbild|wandspiegel
🪟	window	fenster|aussicht|durchsichtig|fensterrahmen|frische luft|glas|haus|lüften|rahmen|öffnung
🛏	bed	bett|hotel|schlafen|übernachtung
🛋	couch_and_lamp	sofa und lampe|couch|lampe|sofa
🪑	chair	stuhl|holzstuhl|möbel|sitzen
🚽	toilet	toilette|klo|wc
🪠	plunger	saugglocke|abfluss|gummiglocke|klempner|klo|pömpel|pümpel|sanitär|saugglocken|toilette|verstopft|wc|werkzeug
🚿	shower	dusche|duschkopf
🛁	bathtub	badewanne|bad|badezimmer|dusche
🪤	mouse_trap	mausefalle|anlocken|falle|käse|maus|mäusefalle
🪒	razor	rasierer|klinge|rasieren|rasiermesser|scharf
🧴	lotion_bottle	creme|feuchtigkeitscreme|feuchtigkeitsmilch|haarwaschmittel|körpercreme|lotion|nachtcreme|shampoo|sonnencreme
🧷	safety_pin	sicherheitsnadel|punk|windel
🧹	broom	besen|fegen|hexe|hexenbesen|kehren|reinigen|sauber machen|säubern
🧺	basket	korb|bauernhof|landwirtschaft|picknick|tragekorb|wäsche|wäschekorb
🧻	roll_of_paper	küchenrolle|kuchenrolle|hygiene|klopapier|papierrolle|papiertücher|toilette|toilettenpapier|wc|wc-papier
🪣	bucket	eimer|behälter|bottich|kübel|wassereimer
🧼	soap	seife|baden|putzen|reinigen|riegel|sauber|sauber machen|schaum|schäumen|seifenschale|seifenstück|säubern
🫧	bubbles	blasen|perlen|reinigen|schaum|schweben|seife|seifenblasen|unter wasser|wasserblasen
🪥	toothbrush	zahnbürste|zahnburste|badezimmer|bürste|körperpflege|mundhygiene|putzen|sauber|zahnhygiene|zähne
🧽	sponge	schwamm|absorbieren|aufsaugen|löchrig|porös|putzen|putzmittel|reinigen|sauber machen|schaum|schäumen
🧯	fire_extinguisher	feuerlöscher|feuerloscher|feuer|löschen
🛒	shopping_cart	einkaufswagen|einkaufen
🚬	smoking	zigarette|kippe|rauchen|rauchersymbol
⚰️	coffin	sarg|beerdigung|tod|tot|vampir
🪦	headstone	grabstein|friedhof|grab|rip|tot
⚱️	funeral_urn	urne|beerdigung|tod|tot
🧿	nazar_amulet	nazar-amulett|nazar amulett|amulett|blau|böser blick|glasperle|glücksbringer|kügelchen|nazar|perle|talisman
🪬	hamsa	hamsa|amulett|auge in offener hand|fatima|glückssymbol|hand|jüdisch|maria|muslimisch|schutz
🗿	moyai	statue|gesicht|maske|osterinsel
🪧	placard	protestschild|ankündigung|bekanntmachung|demonstration|hinweis|mahnwache|plakat|protest|schild
🪪	identification_card	ausweis|dokument|führerschein|karte|pass|personalausweis|plakette|reisepass
🏧	atm	symbol „geldautomat“|symbol geldautomat|atm|geldautomat
🚮	put_litter_in_its_place	symbol „papierkorb“|symbol papierkorb|abfall|müll|mülleimer|sauberkeit|wegschmeißen|wegwerfen
🚰	potable_water	trinkwasser|wasser|wasserhahn
♿️	wheelchair	symbol „rollstuhl“|symbol rollstuhl|barrierefrei|behindertengerecht|rollstuhl
🚹	mens	herren|herrentoilette|wc
🚺	womens	damen|damentoilette|wc
🚻	restroom	toiletten|toilette|wc
🚼	baby_symbol	symbol „baby“|symbol baby|baby|wickelraum
🚾	wc	wc|toilette
🛂	passport_control	passkontrolle|pass
🛃	customs	zollkontrolle|zoll
🛄	baggage_claim	gepäckausgabe|gepackausgabe|gepäck
🛅	left_luggage	gepäckaufbewahrung|gepackaufbewahrung|gepäck|schließfach
⚠️	warning	warnung|achtung|dreieck|vorsicht|warnschild
🚸	children_crossing	kinder überqueren die straße|kinder uberqueren die strasse|kinder|kinder-queren-die-straße-schild|straßenschild|vorsicht
⛔️	no_entry	zutritt verboten|einbahnstrasse|kein zutritt|keine durchfahrt|verboten|zutritt-verboten-schild
🚫	no_entry_sign	verboten|kein zutritt|kein-zutritt-zeichen|verbotszeichen
🚳	no_bicycles	fahrräder verboten|fahrrader verboten|fahhrad|fahrrad-verboten-schild|radfahren verboten|verboten
🚭	no_smoking	rauchverbot|rauchen verboten|zigarette
🚯	do_not_litter	abfall verboten|abfall|müll|müll-verboten-zeichen|verboten
🚱	non-potable_water	kein trinkwasser|verboten|verschmutzt|wasser
🚷	no_pedestrians	fußgänger verboten|fussganger verboten|fußgänger-verboten-schild|verboten
📵	no_mobile_phones	mobiltelefone verboten|handy|mobiltelefon|verbot
🔞	underage	minderjährige verboten|minderjahrige verboten|erwachsene|mindestalter|nicht jugendfrei|zeichen mit durchgestrichener 18
☢️	radioactive	radioaktiv
☣️	biohazard	biogefährdung|biogefahrdung|zeichen
⬆️	arrow_up	pfeil nach oben|aufwärts|aufwärtspfeil|nach oben|norden|pfeil
↗️	arrow_upper_right	pfeil nach rechts oben|nach rechts oben|nordosten|pfeil
➡️	arrow_right	pfeil nach rechts|nach rechts|osten|pfeil|rechts|rechtspfeil
↘️	arrow_lower_right	pfeil nach rechts unten|nach rechts unten|pfeil|südosten
⬇️	arrow_down	pfeil nach unten|abwärts|abwärtspfeil|nach unten|pfeil|süden
↙️	arrow_lower_left	pfeil nach links unten|nach links unten|pfeil
⬅️	arrow_left	pfeil nach links|linkspfeil|nach links|pfeil|westen
↖️	arrow_upper_left	pfeil nach links oben|nach links oben|nordwesten|pfeil
↕️	arrow_up_down	pfeil nach oben und unten|entgegengesetzt|nach oben und unten|pfeil
↔️	left_right_arrow	pfeil nach links und rechts|entgegengesetzt|nach links und rechts|pfeil
↩️	leftwards_arrow_with_hook	geschwungener pfeil nach links|geschwungen|links|nach links|pfeil
↪️	arrow_right_hook	geschwungener pfeil nach rechts|geschwungen|nach rechts|pfeil|rechts|umdrehen
⤴️	arrow_heading_up	geschwungener pfeil nach oben|geschwungen|nach oben|oben|pfeil
⤵️	arrow_heading_down	geschwungener pfeil nach unten|geschwungen|nach unten|pfeil|unten
🔃	arrows_clockwise	kreisförmige pfeile im uhrzeigersinn|kreisformige pfeile im uhrzeigersinn|im uhrzeigersinn|pfeile
🔄	arrows_counterclockwise	pfeile gegen den uhrzeigersinn|gegen den uhrzeigersinn|kreisförmige pfeile gegen den uhrzeigersinn|pfeile
🔙	back	back-pfeil|back pfeil|links|pfeil|zurück
🔚	end	end-pfeil|end pfeil|ende-zeichen|links|pfeil
🔛	on	on!-pfeil|on pfeil|anschalten|ein-zeichen|einschaltem|pfeil|rechts und links
🔜	soon	soon-pfeil|soon pfeil|bald-zeichen|pfeil|rechts
🔝	top	top-pfeil|top pfeil|pfeil nach oben|top-zeichen
🛐	place_of_worship	religiöse stätte|religiose statte|kultstätte|religion
⚛️	atom_symbol	atomzeichen|atheist|atom
🕉	om	om|hinduismus|religion
✡️	star_of_david	davidstern|jüdisch|religion
☸️	wheel_of_dharma	dharma-rad|dharma rad|buddhismus|dharma
☯️	yin_yang	yin und yang|daoismus|religion|yang|yin
✝️	latin_cross	lateinisches kreuz|christentum|kreuz|lateinisch|religion|römisch
☦️	orthodox_cross	orthodoxes kreuz|christentum|kreuz|orthodox|religion
☪️	star_and_crescent	hilal und stern|hilal|islam|muslim|religion|stern
☮️	peace_symbol	friedenszeichen|friedensbewegung|friedenssymbol
🕎	menorah	menora|leuchter|religion
🔯	six_pointed_star	hexagramm mit punkt|wahrsager
🪯	khanda	khanda|deg tegh fateh|glaube|khalsa|khanda-emblem|religion|schwert|sikh|sikhismus
♈️	aries	widder (sternzeichen)|widder sternzeichen|sternzeichen|widder
♉️	taurus	stier (sternzeichen)|stier sternzeichen|horoskop|sternzeichen|stier
♊️	gemini	zwillinge (sternzeichen)|zwillinge sternzeichen|horoskop|sternzeichen|zwilling|zwillinge
♋️	cancer	krebs (sternzeichen)|krebs sternzeichen|krebs|sternzeichen
♌️	leo	löwe (sternzeichen)|lowe sternzeichen|horoskop|löwe|sternzeichen
♍️	virgo	jungfrau (sternzeichen)|jungfrau sternzeichen|horoskop|jungfrau|sternzeichen
♎️	libra	waage (sternzeichen)|waage sternzeichen|horoskop|sternzeichen|waage
♏️	scorpius	skorpion (sternzeichen)|skorpion sternzeichen|horoskop|skorpion|sternzeichen
♐️	sagittarius	schütze (sternzeichen)|schutze sternzeichen|schütze|sternzeichen
♑️	capricorn	steinbock (sternzeichen)|steinbock sternzeichen|steinbock|sternzeichen
♒️	aquarius	wassermann (sternzeichen)|wassermann sternzeichen|sternzeichen|wassermann
♓️	pisces	fische (sternzeichen)|fische sternzeichen|fische|horoskop|sternzeichen
⛎️	ophiuchus	schlangenträger|schlangentrager|schlagenträger|sternbild
🔀	twisted_rightwards_arrows	zufallsmodus|gekreuzt|pfeile|richtung|verschlungene pfeile nach rechts
🔁	repeat	wiederholen|im uhrzeigersinn|keycap|pfeile|tastenkappe
🔂	repeat_one	titel wiederholen|dasselbe wiederholen|einmal|im uhrzeigersinn|noch einmal|pfeile|wiederholen
▶️	arrow_forward	wiedergabe|abspielen|dreieck|pfeil|rechts
⏩️	fast_forward	doppelpfeile nach rechts|doppelpfeil|vorwärts|weiter|überspringen
⏭️	next_track_button	nächster titel|nachster titel|doppelpfeil|dreieck|vorwärts|weiter
⏯️	play_or_pause_button	wiedergabe oder pause|dreieck|pause|pfeil|rechts|wiedergabe
◀️	arrow_backward	pfeil zurück|pfeil zuruck|dreieck|links|pfeil|zurück
⏪️	rewind	zurückspulen|zuruckspulen|doppelpfeil|doppelpfeile nach links|dreieck|pfeil|vorheriger titel|zurück
⏮️	previous_track_button	vorheriger titel|doppelpfeil|dreieck|pfeil|zurück
🔼	arrow_up_small	aufwärts-schaltfläche|aufwarts schaltflache|aufwärts|nach oben|pfeil|schaltfläche
⏫️	arrow_double_up	doppelpfeile nach oben|aufwärts|doppelpfeil|doppelt|nach oben|pfeil
🔽	arrow_down_small	abwärts-schaltfläche|abwarts schaltflache|abwärts|nach unten|pfeil|schaltfläche
⏬️	arrow_double_down	doppelpfeile nach unten|doppelpfeil|doppelt abwärts|nach unten|pfeil
⏸️	pause_button	pause|keycap|streifen|tastenkappe|vertikal
⏹️	stop_button	stopp|aufnahme stoppen|keycap|quadrat|tastenkappe
⏺️	record_button	aufnehmen|aufnahme|keycap|kreis|tastenkappe
⏏️	eject_button	auswerfen|auswurf|auswurftaste|medien
🎦	cinema	kinosymbol|film|filmkamera|filmkamera in blauem quadrat|kino|unterhaltung
🔅	low_brightness	taste dimmen|dimmen|gedimmt|helligkeit|schwache helligkeit
🔆	high_brightness	heller-taste|heller taste|heller|helligkeit|starke helligkeit
📶	signal_strength	balkenförmige signalstärkenanzeige|balkenformige signalstarkenanzeige|empfang|mobilfunksignal|mobiltelefon|signalstärke
🛜	wireless	wlan|computer|drahtlos|hotspot|internet|kabellos|netzwerk|router|verbindung|wi-fi
📳	vibration_mode	vibrationsmodus|handy|kommunikation|mobiltelefon|symbol für vibrationsalarm|vibration|vibrieren
📴	mobile_phone_off	mobiltelefon aus|ausschalten|handy aus|mobiltelefon
♀️	female_sign	frauensymbol|frau|weiblich|zeichen
♂️	male_sign	männersymbol|mannersymbol|mann|symbol|zeichen
⚧️	transgender_symbol	transgender-symbol|transgender symbol|symbol für transgender|transgender
✖️	heavy_multiplication_x	mal|abbrechen|multiplikation|multiplikationszeichen|multiplizieren|x|×
➕️	heavy_plus_sign	plus|+|addieren|mathe|pluszeichen
➖️	heavy_minus_sign	minus|-|mathe|minuszeichen|−
➗️	heavy_division_sign	geteilt durch|division|divisionszeichen|geteilt|geteiltzeichen|mathe|÷
🟰	heavy_equals_sign	gleichheitszeichen extrafett|gleich|gleichheit|gleichheitszeichen|ist gleich|mathematik|vergleichszeichen
♾️	infinity	unendlichkeit|ewig|grenzenlos|unendlich
‼️	bangbang	doppeltes ausrufezeichen|ausrufezeichen|doppelt|muss|rot|satzzeichen
⁉️	interrobang	ausrufe- und fragezeichen|ausrufe und fragezeichen|ausrufezeichen|fragezeichen|rot|satzzeichen
❓️	question	rotes fragezeichen|frage|fragezeichen|rot|satzzeichen|warum|wieso
❔️	grey_question	weißes fragezeichen|weisses fragezeichen|frage|fragezeichen|satzzeichen|warum|weiß
❕️	grey_exclamation	weißes ausrufezeichen|weisses ausrufezeichen|ausrufezeichen|muss|satzzeichen|weiß
❗️	exclamation heavy_exclamation_mark	rotes ausrufezeichen|!|ausrufezeichen|rot|satzzeichen
〰️	wavy_dash	wellenlinie|gewellt|linie
💱	currency_exchange	geldwechsel|geld|wechsel|währung
💲	heavy_dollar_sign	dollarzeichen extrafett|bezahlen|dollar|dollar-zeichen|geld|knete|moneten|teuer|usd|währung
⚕️	medical_symbol	äskulapstab|askulapstab|apotheke|arznei|asklepiosstab|medizin
♻️	recycle	recycling-symbol|recycling symbol|grüne punkt|grüner punkt|recycling
⚜️	fleur_de_lis	lilie|fleur-de-lis
🔱	trident	dreizack|anker|poseidon|triton
📛	name_badge	namensschild|schild
🔰	beginner	japanisches anfänger-zeichen|japanisches anfanger zeichen|anfänger|japanisches symbol
⭕️	o	hohler roter kreis|großer kreis|kreis|o|rot
✅️	white_check_mark	weißes häkchen|weisses hakchen|abgehakt|erledigt
☑️	ballot_box_with_check	abgehaktes kästchen|abgehaktes kastchen|abstimmungsfeld|abstimmungsfeld mit häkchen|ankreuz|feld|häkchen|kästchen|kästchen mit häkchen|wahlurne|✓
✔️	heavy_check_mark	kräftiges häkchen|kraftiges hakchen|abhaken|erledigt|fertig|haken|häkchen
❌️	x	kreuzzeichen|abbrechen|durchgestrichen|mal|multiplikation|multiplizieren|rotes kreuz|x
❎️	negative_squared_cross_mark	angekreuztes kästchen|angekreuztes kastchen|angekreuztes feld|feld|kreuz|kreuzsymbol im quadrat|quadrat|x
➰️	curly_loop	schleife
➿️	loop	doppelschleife|blau|rechteck|schleife
〽️	part_alternation_mark	teilalternationszeichen|japanisch|zeichensetzung
✳️	eight_spoked_asterisk	achtzackiger stern|*|achtzackig|grün|quadrat|stern
✴️	eight_pointed_black_star	achtstrahliger stern|*|stern
❇️	sparkle	funkeln|*|grün|quadrat
©️	copyright	copyright|c
®️	registered	registered-trademark|registered trademark|markenzeichen|r
™️	tm	markenzeichen|tm|trademark
#️⃣	hash	taste: #|taste nummernschild|taste
*️⃣	asterisk	taste: *|taste sternchen|taste
0️⃣	zero	taste: 0|taste 0|0|null|taste
1️⃣	one	taste: 1|taste 1|1|eins|taste
2️⃣	two	taste: 2|taste 2|2|taste|zwei
3️⃣	three	taste: 3|taste 3|3|drei|taste
4️⃣	four	taste: 4|taste 4|4|taste|vier
5️⃣	five	taste: 5|taste 5|5|fünf|taste
6️⃣	six	taste: 6|taste 6|6|sechs|taste
7️⃣	seven	taste: 7|taste 7|7|sieben|taste
8️⃣	eight	taste: 8|taste 8|8|acht|taste
9️⃣	nine	taste: 9|taste 9|9|neun|taste
🔟	keycap_ten	taste: 10|taste 10|taste
🔠	capital_abcd	eingabesymbol lateinische großbuchstaben|eingabesymbol lateinische grossbuchstaben|abcd|buchstaben|eingabe|eingabesymbol|großbuchstaben|großschreiben|lateinisch
🔡	abcd	eingabesymbol lateinische kleinbuchstaben|kleinbuchstaben|lateinische kleinbuchstaben
🔢	1234	eingabesymbol zahlen|1234|eingabe|eingabesymbol|symbol|zahlen|ziffern
🔣	symbols	eingabesymbol sonderzeichen|%|&|eingabe|eingabesymbol|keycap|sonderzeichen|symbol|tastenkappe|♪|〒
🔤	abc	eingabesymbol lateinische buchstaben|abc|alphabet|buchstaben|eingabe|eingabesymbol|lateinisch|symbol
🅰️	a	großbuchstabe a in rotem quadrat|grossbuchstabe a in rotem quadrat|a|blut|blutgruppe|großbuchstabe|negativ|positiv
🆎	ab	großbuchstaben ab in rotem quadrat|grossbuchstaben ab in rotem quadrat|ab|blut|blutgruppe|negativ|positiv
🅱️	b	großbuchstabe b in rotem quadrat|grossbuchstabe b in rotem quadrat|b|blut|blutgruppe|großbuchstabe|negativ|positiv
🆑	cl	großbuchstaben cl in rotem quadrat|grossbuchstaben cl in rotem quadrat|cl
🆒	cool	wort „cool“ in blauem quadrat|wort cool in blauem quadrat|cool
🆓	free	wort „free“ in blauem quadrat|wort free in blauem quadrat|free
ℹ️	information_source	buchstabe „i“ in blauem quadrat|buchstabe i in blauem quadrat|i|information
🆔	id	großbuchstaben id in lila quadrat|grossbuchstaben id in lila quadrat|id
Ⓜ️	m	buchstabe „m“ in kreis|buchstabe m in kreis|buchstabe|eingekreist|großbuchstabe|kreis|m
🆕	new	wort „new“ in blauem quadrat|wort new in blauem quadrat|neu|new
🆖	ng	großbuchstaben ng in blauem quadrat|grossbuchstaben ng in blauem quadrat|ng
🅾️	o2	großbuchstabe o in rotem quadrat|grossbuchstabe o in rotem quadrat|0|blut|blutgruppe|großbuchstabe|negativ|o|positiv
🆗	ok	großbuchstaben ok in blauem quadrat|grossbuchstaben ok in blauem quadrat|großbuchstaben|keycap|ok|okay|taste|tastenkappe
🅿️	parking	großbuchstabe p in blauem quadrat|grossbuchstabe p in blauem quadrat|großbuchstabe|p|parken|parkplatz|taste
🆘	sos	sos-zeichen|sos zeichen|hilfe|sos
🆙	up	schriftzug „up!“ im blauen quadrat|schriftzug up im blauen quadrat|keycap|taste|tastenkappe|up|up!
🆚	vs	schriftzug vs in orangem quadrat|gegen|taste|versus|vs
🈁	koko	schriftzeichen „koko“|schriftzeichen koko|japanisches schriftzeichen|„koko“
🈂️	sa	schriftzeichen „sa“|schriftzeichen sa|japanisches schriftzeichen|„sa“
🈷️	u6708	schriftzeichen für „monatsbetrag“|schriftzeichen fur monatsbetrag|japanisch|monatlich|monatsbetrag|mond|schriftzeichen|taste
🈶	u6709	schriftzeichen für „nicht gratis“|schriftzeichen fur nicht gratis|berechnen|existieren|japanisch|nicht gratis|schriftzeichen|taste
🈯️	u6307	schriftzeichen für „reserviert“|schriftzeichen fur reserviert|finger|japanisches schriftzeichen|reserviert|schriftzeichen für „finger“
🉐	ideograph_advantage	schriftzeichen für „schnäppchen“|schriftzeichen fur schnappchen|japanisches schriftzeichen|schnäppchen|schriftzeichen für „vorteil“|vorteil
🈹	u5272	schriftzeichen für „rabatt“|schriftzeichen fur rabatt|japanisches schriftzeichen|rabatt|schriftzeichen für „teilen“|teilen
🈚️	u7121	schriftzeichen für „gratis“|schriftzeichen fur gratis|gratis|japanisches schriftzeichen|schriftzeichen für „verhandlung“|verhandlung
🈲	u7981	schriftzeichen für „verbieten“|schriftzeichen fur verbieten|japanisches schriftzeichen|kanji|verbieten
🉑	accept	schriftzeichen für „akzeptieren“|schriftzeichen fur akzeptieren|akzeptieren|japanisch|schriftzeichen
🈸	u7533	schriftzeichen für „anwenden“|schriftzeichen fur anwenden|anwenden|chinesisches schriftzeichen|japanisches schriftzeichen
🈴	u5408	schriftzeichen für „note zum bestehen“|schriftzeichen fur note zum bestehen|bestanden|bestehen|chinesisches schriftzeichen|japanisches schriftzeichen|schriftzeichen für „zusammen“|zusammen
🈳	u7a7a	schriftzeichen für „zimmer frei“|schriftzeichen fur zimmer frei|chinesisches schriftzeichen|japanisches schriftzeichen|leer|schriftzeichen für „leer“|zimmer frei
㊗️	congratulations	schriftzeichen für „gratulation“|schriftzeichen fur gratulation|chinesisches schriftzeichen|gratulation|japanisches schriftzeichen
㊙️	secret	schriftzeichen für „geheimnis“|schriftzeichen fur geheimnis|chinesisches schriftzeichen|geheimnis|japanisches schriftzeichen
🈺	u55b6	schriftzeichen für „geöffnet“|schriftzeichen fur geoffnet|betrieb|chinesisches schriftzeichen|geöffnet|japanisches schriftzeichen|schriftzeichen für „betrieb“
🈵	u6e80	schriftzeichen für „kein zimmer frei“|schriftzeichen fur kein zimmer frei|belegt|besetzt|chinesisches schriftzeichen|fülle|japanisches schriftzeichen|kanji|kein zimmer frei|schriftzeichen für „fülle“
🔴	red_circle	roter punkt|ball|punkt|rot
🟠	orange_circle	oranger punkt|form|kreis|orange|orange scheibe|oranger kreis|punkt
🟡	yellow_circle	gelber punkt|form|gelb|gelbe scheibe|gelber kreis|kreis|punkt|scheibe
🟢	green_circle	grüner punkt|gruner punkt|form|grün|grüne scheibe|grüner kreis|kreis|punkt
🔵	large_blue_circle	blauer punkt|ball|blau|großer blauer kreis|kreis|punkt
🟣	purple_circle	lila punkt|form|kreis|lila|punkt|scheibe|violett
🟤	brown_circle	brauner punkt|braun|braune scheibe|brauner kreis|form|kreis|punkt
⚫️	black_circle	schwarzer punkt|ball|großer schwarzer kreis|kreis|punkt|rund|schwarz
⚪️	white_circle	weißer punkt|weisser punkt|ball|großer weißer kreis|kreis|punkt|weiß
🟥	red_square	rotes quadrat|form|quadrat|rot|rotes viereck|viereck
🟧	orange_square	oranges quadrat|form|orange|oranges viereck|quadrat|viereck
🟨	yellow_square	gelbes quadrat|form|gelb|gelbes viereck|quadrat|viereck
🟩	green_square	grünes quadrat|grunes quadrat|form|grün|grünes viereck|quadrat|viereck
🟦	blue_square	blaues quadrat|blau|blaues viereck|form|quadrat|viereck
🟪	purple_square	lila quadrat|form|lila|quadrat|viereck|violett
🟫	brown_square	braunes quadrat|braun|braunes viereck|form|quadrat|viereck
⬛️	black_large_square	großes schwarzes quadrat|grosses schwarzes quadrat|quadrat|schwarz
⬜️	white_large_square	großes weißes quadrat|grosses weisses quadrat|quadrat|weiß
◼️	black_medium_square	mittelgroßes schwarzes quadrat|mittelgrosses schwarzes quadrat|quadrat|schwarz
◻️	white_medium_square	mittelgroßes weißes quadrat|mittelgrosses weisses quadrat|quadrat|weiß
◾️	black_medium_small_square	mittelkleines schwarzes quadrat|quadrat|schwarz
◽️	white_medium_small_square	mittelkleines weißes quadrat|mittelkleines weisses quadrat|geometrisch|quadrat|weiß
▪️	black_small_square	kleines schwarzes quadrat|punkt|quadrat|schwarz
▫️	white_small_square	kleines weißes quadrat|kleines weisses quadrat|quadrat|weiß
🔶	large_orange_diamond	große orangefarbene raute|grosse orangefarbene raute|orangefarben|raute
🔷	large_blue_diamond	große blaue raute|grosse blaue raute|blau|raute
🔸	small_orange_diamond	kleine orangefarbene raute|orangefarben|raute
🔹	small_blue_diamond	kleine blaue raute|blau|raute
🔺	small_red_triangle	rotes dreieck mit der spitze nach oben|aufwärts|dreieck|rot|rotes dreieck mit spitze oben
🔻	small_red_triangle_down	rotes dreieck mit der spitze nach unten|abwärts|dreieck|rot
💠	diamond_shape_with_a_dot_inside	rautenform mit punkt|diamant|mit punkt|rautenform
🔘	radio_button	optionsfeld|schaltfläche
🔳	white_square_button	weiße quadratische schaltfläche|weisse quadratische schaltflache|quadrat|quadratisch|schaltfläche|weiß
🔲	black_square_button	schwarze quadratische schaltfläche|schwarze quadratische schaltflache|quadratisch|schaltfläche|schwarz
🏁	checkered_flag	zielflagge|flagge|formel 1|karierte flagge|nascar|rennen|sport
🚩	triangular_flag_on_post	wimpel|dreiecksflagge|flagge|rot|standortflagge
🎌	crossed_flags	überkreuzte flaggen|uberkreuzte flaggen|japan|japanische flaggen
🏴	black_flag	schwarze flagge|fahne|schwarze fahne|wehen|wehende schwarze fahne
🏳	white_flag	weiße flagge|weisse flagge|fahne|wehen|wehende weiße fahne|weiße fahne
🏳️‍🌈	rainbow_flag	regenbogenflagge|bisexuell|bunt|fahne|flagge|lesbisch|lgbt|lgbtq|pride|queer|regenbogen|schwul|trans
🏳️‍⚧️	transgender_flag	transgender-flagge|transgender flagge|flagge|transgender
🏴‍☠️	pirate_flag	piratenflagge|jolly roger|pirat|piratenfahne|schatz
🇦🇨	ascension_island	flagge: ascension|flagge ascension|ac|flagge
🇦🇩	andorra	flagge: andorra|flagge andorra|ad|flagge
🇦🇪	united_arab_emirates	flagge: vereinigte arabische emirate|flagge vereinigte arabische emirate|ae|flagge
🇦🇫	afghanistan	flagge: afghanistan|flagge afghanistan|af|flagge
🇦🇬	antigua_barbuda	flagge: antigua und barbuda|flagge antigua und barbuda|ag|flagge
🇦🇮	anguilla	flagge: anguilla|flagge anguilla|ai|flagge
🇦🇱	albania	flagge: albanien|flagge albanien|al|flagge
🇦🇲	armenia	flagge: armenien|flagge armenien|am|flagge
🇦🇴	angola	flagge: angola|flagge angola|ao|flagge
🇦🇶	antarctica	flagge: antarktis|flagge antarktis|aq|flagge
🇦🇷	argentina	flagge: argentinien|flagge argentinien|ar|flagge
🇦🇸	american_samoa	flagge: amerikanisch-samoa|flagge amerikanisch samoa|as|flagge
🇦🇹	austria	flagge: österreich|flagge osterreich|at|flagge
🇦🇺	australia	flagge: australien|flagge australien|au|flagge
🇦🇼	aruba	flagge: aruba|flagge aruba|aw|flagge
🇦🇽	aland_islands	flagge: ålandinseln|flagge alandinseln|ax|flagge
🇦🇿	azerbaijan	flagge: aserbaidschan|flagge aserbaidschan|az|flagge
🇧🇦	bosnia_herzegovina	flagge: bosnien und herzegowina|flagge bosnien und herzegowina|ba|flagge
🇧🇧	barbados	flagge: barbados|flagge barbados|bb|flagge
🇧🇩	bangladesh	flagge: bangladesch|flagge bangladesch|bd|flagge
🇧🇪	belgium	flagge: belgien|flagge belgien|be|flagge
🇧🇫	burkina_faso	flagge: burkina faso|flagge burkina faso|bf|flagge
🇧🇬	bulgaria	flagge: bulgarien|flagge bulgarien|bg|flagge
🇧🇭	bahrain	flagge: bahrain|flagge bahrain|bh|flagge
🇧🇮	burundi	flagge: burundi|flagge burundi|bi|flagge
🇧🇯	benin	flagge: benin|flagge benin|bj|flagge
🇧🇱	st_barthelemy	flagge: st. barthélemy|flagge st barthelemy|bl|flagge
🇧🇲	bermuda	flagge: bermuda|flagge bermuda|bm|flagge
🇧🇳	brunei	flagge: brunei darussalam|flagge brunei darussalam|bn|flagge
🇧🇴	bolivia	flagge: bolivien|flagge bolivien|bo|flagge
🇧🇶	caribbean_netherlands	flagge: karibische niederlande|flagge karibische niederlande|bq|flagge
🇧🇷	brazil	flagge: brasilien|flagge brasilien|br|flagge
🇧🇸	bahamas	flagge: bahamas|flagge bahamas|bs|flagge
🇧🇹	bhutan	flagge: bhutan|flagge bhutan|bt|flagge
🇧🇻	bouvet_island	flagge: bouvetinsel|flagge bouvetinsel|bv|flagge
🇧🇼	botswana	flagge: botsuana|flagge botsuana|bw|flagge
🇧🇾	belarus	flagge: belarus|flagge belarus|by|flagge
🇧🇿	belize	flagge: belize|flagge belize|bz|flagge
🇨🇦	canada	flagge: kanada|flagge kanada|ca|flagge
🇨🇨	cocos_islands	flagge: kokosinseln|flagge kokosinseln|cc|flagge
🇨🇩	congo_kinshasa	flagge: kongo-kinshasa|flagge kongo kinshasa|cd|flagge
🇨🇫	central_african_republic	flagge: zentralafrikanische republik|flagge zentralafrikanische republik|cf|flagge
🇨🇬	congo_brazzaville	flagge: kongo-brazzaville|flagge kongo brazzaville|cg|flagge
🇨🇭	switzerland	flagge: schweiz|flagge schweiz|ch|flagge
🇨🇮	cote_divoire	flagge: côte d’ivoire|flagge cote divoire|ci|flagge
🇨🇰	cook_islands	flagge: cookinseln|flagge cookinseln|ck|flagge
🇨🇱	chile	flagge: chile|flagge chile|cl|flagge
🇨🇲	cameroon	flagge: kamerun|flagge kamerun|cm|flagge
🇨🇳	cn	flagge: china|flagge china|cn|flagge
🇨🇴	colombia	flagge: kolumbien|flagge kolumbien|co|flagge
🇨🇵	clipperton_island	flagge: clipperton-insel|flagge clipperton insel|cp|flagge
🇨🇷	costa_rica	flagge: costa rica|flagge costa rica|cr|flagge
🇨🇺	cuba	flagge: kuba|flagge kuba|cu|flagge
🇨🇻	cape_verde	flagge: cabo verde|flagge cabo verde|cv|flagge
🇨🇼	curacao	flagge: curaçao|flagge curacao|cw|flagge
🇨🇽	christmas_island	flagge: weihnachtsinsel|flagge weihnachtsinsel|cx|flagge
🇨🇾	cyprus	flagge: zypern|flagge zypern|cy|flagge
🇨🇿	czech_republic	flagge: tschechien|flagge tschechien|cz|flagge
🇩🇪	de	flagge: deutschland|flagge deutschland|de|flagge
🇩🇬	diego_garcia	flagge: diego garcia|flagge diego garcia|dg|flagge
🇩🇯	djibouti	flagge: dschibuti|flagge dschibuti|dj|flagge
🇩🇰	denmark	flagge: dänemark|flagge danemark|dk|flagge
🇩🇲	dominica	flagge: dominica|flagge dominica|dm|flagge
🇩🇴	dominican_republic	flagge: dominikanische republik|flagge dominikanische republik|do|flagge
🇩🇿	algeria	flagge: algerien|flagge algerien|dz|flagge
🇪🇦	ceuta_melilla	flagge: ceuta und melilla|flagge ceuta und melilla|ea|flagge
🇪🇨	ecuador	flagge: ecuador|flagge ecuador|ec|flagge
🇪🇪	estonia	flagge: estland|flagge estland|ee|flagge
🇪🇬	egypt	flagge: ägypten|flagge agypten|eg|flagge
🇪🇭	western_sahara	flagge: westsahara|flagge westsahara|eh|flagge
🇪🇷	eritrea	flagge: eritrea|flagge eritrea|er|flagge
🇪🇸	es	flagge: spanien|flagge spanien|es|flagge
🇪🇹	ethiopia	flagge: äthiopien|flagge athiopien|et|flagge
🇪🇺	eu european_union	flagge: europäische union|flagge europaische union|eu|flagge
🇫🇮	finland	flagge: finnland|flagge finnland|fi|flagge
🇫🇯	fiji	flagge: fidschi|flagge fidschi|fj|flagge
🇫🇰	falkland_islands	flagge: falklandinseln|flagge falklandinseln|fk|flagge
🇫🇲	micronesia	flagge: mikronesien|flagge mikronesien|fm|flagge
🇫🇴	faroe_islands	flagge: färöer|flagge faroer|fo|flagge
🇫🇷	fr	flagge: frankreich|flagge frankreich|fr|flagge
🇬🇦	gabon	flagge: gabun|flagge gabun|ga|flagge
🇬🇧	gb uk	flagge: vereinigtes königreich|flagge vereinigtes konigreich|gb|flagge
🇬🇩	grenada	flagge: grenada|flagge grenada|gd|flagge
🇬🇪	georgia	flagge: georgien|flagge georgien|ge|flagge
🇬🇫	french_guiana	flagge: französisch-guayana|flagge franzosisch guayana|gf|flagge
🇬🇬	guernsey	flagge: guernsey|flagge guernsey|gg|flagge
🇬🇭	ghana	flagge: ghana|flagge ghana|gh|flagge
🇬🇮	gibraltar	flagge: gibraltar|flagge gibraltar|gi|flagge
🇬🇱	greenland	flagge: grönland|flagge gronland|gl|flagge
🇬🇲	gambia	flagge: gambia|flagge gambia|gm|flagge
🇬🇳	guinea	flagge: guinea|flagge guinea|gn|flagge
🇬🇵	guadeloupe	flagge: guadeloupe|flagge guadeloupe|gp|flagge
🇬🇶	equatorial_guinea	flagge: äquatorialguinea|flagge aquatorialguinea|gq|flagge
🇬🇷	greece	flagge: griechenland|flagge griechenland|gr|flagge
🇬🇸	south_georgia_south_sandwich_islands	flagge: südgeorgien und die südlichen sandwichinseln|flagge sudgeorgien und die sudlichen sandwichinseln|gs|flagge
🇬🇹	guatemala	flagge: guatemala|flagge guatemala|gt|flagge
🇬🇺	guam	flagge: guam|flagge guam|gu|flagge
🇬🇼	guinea_bissau	flagge: guinea-bissau|flagge guinea bissau|gw|flagge
🇬🇾	guyana	flagge: guyana|flagge guyana|gy|flagge
🇭🇰	hong_kong	flagge: sonderverwaltungsregion hongkong|flagge sonderverwaltungsregion hongkong|hk|flagge
🇭🇲	heard_mcdonald_islands	flagge: heard und mcdonaldinseln|flagge heard und mcdonaldinseln|hm|flagge
🇭🇳	honduras	flagge: honduras|flagge honduras|hn|flagge
🇭🇷	croatia	flagge: kroatien|flagge kroatien|hr|flagge
🇭🇹	haiti	flagge: haiti|flagge haiti|ht|flagge
🇭🇺	hungary	flagge: ungarn|flagge ungarn|hu|flagge
🇮🇨	canary_islands	flagge: kanarische inseln|flagge kanarische inseln|ic|flagge
🇮🇩	indonesia	flagge: indonesien|flagge indonesien|id|flagge
🇮🇪	ireland	flagge: irland|flagge irland|ie|flagge
🇮🇱	israel	flagge: israel|flagge israel|il|flagge
🇮🇲	isle_of_man	flagge: isle of man|flagge isle of man|im|flagge
🇮🇳	india	flagge: indien|flagge indien|in|flagge
🇮🇴	british_indian_ocean_territory	flagge: britisches territorium im indischen ozean|flagge britisches territorium im indischen ozean|io|flagge
🇮🇶	iraq	flagge: irak|flagge irak|iq|flagge
🇮🇷	iran	flagge: iran|flagge iran|ir|flagge
🇮🇸	iceland	flagge: island|flagge island|is|flagge
🇮🇹	it	flagge: italien|flagge italien|it|flagge
🇯🇪	jersey	flagge: jersey|flagge jersey|je|flagge
🇯🇲	jamaica	flagge: jamaika|flagge jamaika|jm|flagge
🇯🇴	jordan	flagge: jordanien|flagge jordanien|jo|flagge
🇯🇵	jp	flagge: japan|flagge japan|jp|flagge
🇰🇪	kenya	flagge: kenia|flagge kenia|ke|flagge
🇰🇬	kyrgyzstan	flagge: kirgisistan|flagge kirgisistan|kg|flagge
🇰🇭	cambodia	flagge: kambodscha|flagge kambodscha|kh|flagge
🇰🇮	kiribati	flagge: kiribati|flagge kiribati|ki|flagge
🇰🇲	comoros	flagge: komoren|flagge komoren|km|flagge
🇰🇳	st_kitts_nevis	flagge: st. kitts und nevis|flagge st kitts und nevis|kn|flagge
🇰🇵	north_korea	flagge: nordkorea|flagge nordkorea|kp|flagge
🇰🇷	kr	flagge: südkorea|flagge sudkorea|kr|flagge
🇰🇼	kuwait	flagge: kuwait|flagge kuwait|kw|flagge
🇰🇾	cayman_islands	flagge: kaimaninseln|flagge kaimaninseln|ky|flagge
🇰🇿	kazakhstan	flagge: kasachstan|flagge kasachstan|kz|flagge
🇱🇦	laos	flagge: laos|flagge laos|la|flagge
🇱🇧	lebanon	flagge: libanon|flagge libanon|lb|flagge
🇱🇨	st_lucia	flagge: st. lucia|flagge st lucia|lc|flagge
🇱🇮	liechtenstein	flagge: liechtenstein|flagge liechtenstein|li|flagge
🇱🇰	sri_lanka	flagge: sri lanka|flagge sri lanka|lk|flagge
🇱🇷	liberia	flagge: liberia|flagge liberia|lr|flagge
🇱🇸	lesotho	flagge: lesotho|flagge lesotho|ls|flagge
🇱🇹	lithuania	flagge: litauen|flagge litauen|lt|flagge
🇱🇺	luxembourg	flagge: luxemburg|flagge luxemburg|lu|flagge
🇱🇻	latvia	flagge: lettland|flagge lettland|lv|flagge
🇱🇾	libya	flagge: libyen|flagge libyen|ly|flagge
🇲🇦	morocco	flagge: marokko|flagge marokko|ma|flagge
🇲🇨	monaco	flagge: monaco|flagge monaco|mc|flagge
🇲🇩	moldova	flagge: republik moldau|flagge republik moldau|md|flagge
🇲🇪	montenegro	flagge: montenegro|flagge montenegro|me|flagge
🇲🇫	st_martin	flagge: st. martin|flagge st martin|mf|flagge
🇲🇬	madagascar	flagge: madagaskar|flagge madagaskar|mg|flagge
🇲🇭	marshall_islands	flagge: marshallinseln|flagge marshallinseln|mh|flagge
🇲🇰	macedonia	flagge: nordmazedonien|flagge nordmazedonien|mk|flagge
🇲🇱	mali	flagge: mali|flagge mali|ml|flagge
🇲🇲	myanmar	flagge: myanmar|flagge myanmar|mm|flagge
🇲🇳	mongolia	flagge: mongolei|flagge mongolei|mn|flagge
🇲🇴	macau	flagge: sonderverwaltungsregion macau|flagge sonderverwaltungsregion macau|mo|flagge
🇲🇵	northern_mariana_islands	flagge: nördliche marianen|flagge nordliche marianen|mp|flagge
🇲🇶	martinique	flagge: martinique|flagge martinique|mq|flagge
🇲🇷	mauritania	flagge: mauretanien|flagge mauretanien|mr|flagge
🇲🇸	montserrat	flagge: montserrat|flagge montserrat|ms|flagge
🇲🇹	malta	flagge: malta|flagge malta|mt|flagge
🇲🇺	mauritius	flagge: mauritius|flagge mauritius|mu|flagge
🇲🇻	maldives	flagge: malediven|flagge malediven|mv|flagge
🇲🇼	malawi	flagge: malawi|flagge malawi|mw|flagge
🇲🇽	mexico	flagge: mexiko|flagge mexiko|mx|flagge
🇲🇾	malaysia	flagge: malaysia|flagge malaysia|my|flagge
🇲🇿	mozambique	flagge: mosambik|flagge mosambik|mz|flagge
🇳🇦	namibia	flagge: namibia|flagge namibia|na|flagge
🇳🇨	new_caledonia	flagge: neukaledonien|flagge neukaledonien|nc|flagge
🇳🇪	niger	flagge: niger|flagge niger|ne|flagge
🇳🇫	norfolk_island	flagge: norfolkinsel|flagge norfolkinsel|nf|flagge
🇳🇬	nigeria	flagge: nigeria|flagge nigeria|ng|flagge
🇳🇮	nicaragua	flagge: nicaragua|flagge nicaragua|ni|flagge
🇳🇱	netherlands	flagge: niederlande|flagge niederlande|nl|flagge
🇳🇴	norway	flagge: norwegen|flagge norwegen|no|flagge
🇳🇵	nepal	flagge: nepal|flagge nepal|np|flagge
🇳🇷	nauru	flagge: nauru|flagge nauru|nr|flagge
🇳🇺	niue	flagge: niue|flagge niue|nu|flagge
🇳🇿	new_zealand	flagge: neuseeland|flagge neuseeland|nz|flagge
🇴🇲	oman	flagge: oman|flagge oman|om|flagge
🇵🇦	panama	flagge: panama|flagge panama|pa|flagge
🇵🇪	peru	flagge: peru|flagge peru|pe|flagge
🇵🇫	french_polynesia	flagge: französisch-polynesien|flagge franzosisch polynesien|pf|flagge
🇵🇬	papua_new_guinea	flagge: papua-neuguinea|flagge papua neuguinea|pg|flagge
🇵🇭	philippines	flagge: philippinen|flagge philippinen|ph|flagge
🇵🇰	pakistan	flagge: pakistan|flagge pakistan|pk|flagge
🇵🇱	poland	flagge: polen|flagge polen|pl|flagge
🇵🇲	st_pierre_miquelon	flagge: st. pierre und miquelon|flagge st pierre und miquelon|pm|flagge
🇵🇳	pitcairn_islands	flagge: pitcairninseln|flagge pitcairninseln|pn|flagge
🇵🇷	puerto_rico	flagge: puerto rico|flagge puerto rico|pr|flagge
🇵🇸	palestinian_territories	flagge: palästinensische autonomiegebiete|flagge palastinensische autonomiegebiete|ps|flagge
🇵🇹	portugal	flagge: portugal|flagge portugal|pt|flagge
🇵🇼	palau	flagge: palau|flagge palau|pw|flagge
🇵🇾	paraguay	flagge: paraguay|flagge paraguay|py|flagge
🇶🇦	qatar	flagge: katar|flagge katar|qa|flagge
🇷🇪	reunion	flagge: réunion|flagge reunion|re|flagge
🇷🇴	romania	flagge: rumänien|flagge rumanien|ro|flagge
🇷🇸	serbia	flagge: serbien|flagge serbien|rs|flagge
🇷🇺	ru	flagge: russland|flagge russland|ru|flagge
🇷🇼	rwanda	flagge: ruanda|flagge ruanda|rw|flagge
🇸🇦	saudi_arabia	flagge: saudi-arabien|flagge saudi arabien|sa|flagge
🇸🇧	solomon_islands	flagge: salomonen|flagge salomonen|sb|flagge
🇸🇨	seychelles	flagge: seychellen|flagge seychellen|sc|flagge
🇸🇩	sudan	flagge: sudan|flagge sudan|sd|flagge
🇸🇪	sweden	flagge: schweden|flagge schweden|se|flagge
🇸🇬	singapore	flagge: singapur|flagge singapur|sg|flagge
🇸🇭	st_helena	flagge: st. helena|flagge st helena|sh|flagge
🇸🇮	slovenia	flagge: slowenien|flagge slowenien|si|flagge
🇸🇯	svalbard_jan_mayen	flagge: spitzbergen und jan mayen|flagge spitzbergen und jan mayen|sj|flagge
🇸🇰	slovakia	flagge: slowakei|flagge slowakei|sk|flagge
🇸🇱	sierra_leone	flagge: sierra leone|flagge sierra leone|sl|flagge
🇸🇲	san_marino	flagge: san marino|flagge san marino|sm|flagge
🇸🇳	senegal	flagge: senegal|flagge senegal|sn|flagge
🇸🇴	somalia	flagge: somalia|flagge somalia|so|flagge
🇸🇷	suriname	flagge: suriname|flagge suriname|sr|flagge
🇸🇸	south_sudan	flagge: südsudan|flagge sudsudan|ss|flagge
🇸🇹	sao_tome_principe	flagge: são tomé und príncipe|flagge sao tome und principe|st|flagge
🇸🇻	el_salvador	flagge: el salvador|flagge el salvador|sv|flagge
🇸🇽	sint_maarten	flagge: sint maarten|flagge sint maarten|sx|flagge
🇸🇾	syria	flagge: syrien|flagge syrien|sy|flagge
🇸🇿	swaziland	flagge: eswatini|flagge eswatini|sz|flagge
🇹🇦	tristan_da_cunha	flagge: tristan da cunha|flagge tristan da cunha|ta|flagge
🇹🇨	turks_caicos_islands	flagge: turks- und caicosinseln|flagge turks und caicosinseln|tc|flagge
🇹🇩	chad	flagge: tschad|flagge tschad|td|flagge
🇹🇫	french_southern_territories	flagge: französische süd- und antarktisgebiete|flagge franzosische sud und antarktisgebiete|tf|flagge
🇹🇬	togo	flagge: togo|flagge togo|tg|flagge
🇹🇭	thailand	flagge: thailand|flagge thailand|th|flagge
🇹🇯	tajikistan	flagge: tadschikistan|flagge tadschikistan|tj|flagge
🇹🇰	tokelau	flagge: tokelau|flagge tokelau|tk|flagge
🇹🇱	timor_leste	flagge: timor-leste|flagge timor leste|tl|flagge
🇹🇲	turkmenistan	flagge: turkmenistan|flagge turkmenistan|tm|flagge
🇹🇳	tunisia	flagge: tunesien|flagge tunesien|tn|flagge
🇹🇴	tonga	flagge: tonga|flagge tonga|to|flagge
🇹🇷	tr	flagge: türkei|flagge turkei|tr|flagge
🇹🇹	trinidad_tobago	flagge: trinidad und tobago|flagge trinidad und tobago|tt|flagge
🇹🇻	tuvalu	flagge: tuvalu|flagge tuvalu|tv|flagge
🇹🇼	taiwan	flagge: taiwan|flagge taiwan|tw|flagge
🇹🇿	tanzania	flagge: tansania|flagge tansania|tz|flagge
🇺🇦	ukraine	flagge: ukraine|flagge ukraine|ua|flagge
🇺🇬	uganda	flagge: uganda|flagge uganda|ug|flagge
🇺🇲	us_outlying_islands	flagge: amerikanische überseeinseln|flagge amerikanische uberseeinseln|um|flagge
🇺🇳	united_nations	flagge: vereinte nationen|flagge vereinte nationen|un|flagge
🇺🇸	us	flagge: vereinigte staaten|flagge vereinigte staaten|us|flagge
🇺🇾	uruguay	flagge: uruguay|flagge uruguay|uy|flagge
🇺🇿	uzbekistan	flagge: usbekistan|flagge usbekistan|uz|flagge
🇻🇦	vatican_city	flagge: vatikanstadt|flagge vatikanstadt|va|flagge
🇻🇨	st_vincent_grenadines	flagge: st. vincent und die grenadinen|flagge st vincent und die grenadinen|vc|flagge
🇻🇪	venezuela	flagge: venezuela|flagge venezuela|ve|flagge
🇻🇬	british_virgin_islands	flagge: britische jungferninseln|flagge britische jungferninseln|vg|flagge
🇻🇮	us_virgin_islands	flagge: amerikanische jungferninseln|flagge amerikanische jungferninseln|vi|flagge
🇻🇳	vietnam	flagge: vietnam|flagge vietnam|vn|flagge
🇻🇺	vanuatu	flagge: vanuatu|flagge vanuatu|vu|flagge
🇼🇫	wallis_futuna	flagge: wallis und futuna|flagge wallis und futuna|wf|flagge
🇼🇸	samoa	flagge: samoa|flagge samoa|ws|flagge
🇽🇰	kosovo	flagge: kosovo|flagge kosovo|xk|flagge
🇾🇪	yemen	flagge: jemen|flagge jemen|ye|flagge
🇾🇹	mayotte	flagge: mayotte|flagge mayotte|yt|flagge
🇿🇦	south_africa	flagge: südafrika|flagge sudafrika|za|flagge
🇿🇲	zambia	flagge: sambia|flagge sambia|zm|flagge
🇿🇼	zimbabwe	flagge: simbabwe|flagge simbabwe|zw|flagge
🏴󠁧󠁢󠁥󠁮󠁧󠁿	england	flagge: england|flagge england|flagge|gbeng
🏴󠁧󠁢󠁳󠁣󠁴󠁿	scotland	flagge: schottland|flagge schottland|flagge|gbsct
🏴󠁧󠁢󠁷󠁬󠁳󠁿	wales	flagge: wales|flagge wales|flagge|gbwls
